Temperature_C,Precipitation_mm_day,Humidity_Percent,Solar_Radiation_MJ_m2_day,Latitude,Longitude,Elevation_m,Month_Sin,Month_Cos,Heat_Index,Temp_Humidity,Rainfall_Humidity,Temp_Solar,Prev_Month_Production,Prev_2Month_Production,Rolling_3Month_Avg,State_Encoded,Production_MKgs
19.05613626842113,4.05658085037509,45.514240152763705,12.383382833106038,26.5,92.7,120,-1.0,-1.8369701987210287e-16,21.33184827605932,867.3255625047098,184.63219502307425,235.9794307316956,33.122592693711894,30.94334117973184,32.03296693672186,0,33.31591430757556
22.32632750430992,1.899145778479532,37.14793079161639,14.693155211394904,26.5,92.7,120,-1.0,-1.8369701987210287e-16,24.18372404389073,829.3768689610663,70.54933594214808,328.0441953212607,33.31591430757556,33.122592693711894,32.46061606033977,0,33.3618597829517
20.19399192998544,3.0689937073141844,38.45423453413222,17.138580913528187,26.5,92.7,120,-1.0,-1.8369701987210287e-16,22.11670365669205,776.5445018560334,118.01580380483558,346.0963646591907,33.3618597829517,33.31591430757556,33.26678892807972,0,31.37169298723774
20.195352197097662,0.3326600887294242,45.19608139407154,14.746997436868172,26.5,92.7,120,-1.0,-1.8369701987210287e-16,22.45515626680124,912.7507816819676,15.034932446774118,297.82080708724925,31.37169298723774,33.3618597829517,32.683155692588336,0,21.44648013946847
23.102303951045045,2.110028925026074,54.43437747251061,14.101277722115162,26.5,92.7,120,-1.0,-1.8369701987210287e-16,25.82402282467057,1257.559533755859,114.85811098278512,325.7720040344046,21.44648013946847,31.37169298723774,28.726677636552637,0,38.21214432287847
19.775343900618346,1.436740457373911,49.9133336003474,15.136261565070956,26.5,92.7,120,-1.0,-1.8369701987210287e-16,22.27101058063571,987.0533371731586,71.71250574601973,299.32477781898984,38.21214432287847,21.44648013946847,30.343439149861563,0,30.50673724323734
19.52210390626718,0.1,40.38582935545334,15.133086838738633,26.5,92.7,120,-1.0,-1.8369701987210287e-16,21.541395374039848,788.4163570179354,4.038582935545334,295.4296936884199,30.50673724323734,38.21214432287847,30.055120568528096,0,21.16998266821681
20.579549713792822,6.029481253731235,51.96899762745354,13.510964701748236,26.5,92.7,120,-1.0,-1.8369701987210287e-16,23.177999595165502,1069.4985702501613,313.34609696993414,278.04956976092785,21.16998266821681,30.50673724323734,29.962954744777544,0,34.36642808621053
16.442559502191443,4.870768279418723,50.23492525083246,13.916622993634316,26.5,92.7,120,-1.0,-1.8369701987210287e-16,18.954305764733068,825.9907475249521,244.68268043072536,228.82490164239783,34.36642808621053,21.16998266821681,28.681049332554892,0,32.55930407035081
20.027858583825893,1.8304294822203504,46.58467808614284,13.783459382114083,26.5,92.7,120,-1.0,-1.8369701987210287e-16,22.35709248813304,932.9913448823218,85.26996818862014,276.05317530088905,32.55930407035081,34.36642808621053,29.365238274926053,0,35.711350708214546
16.886741652952193,3.0906995591316364,34.75656518002974,16.632191272976545,26.5,92.7,120,-1.0,-1.8369701987210287e-16,18.62456991195368,586.925136939156,107.4221006788479,280.863517149241,35.711350708214546,32.55930407035081,34.212360954925295,0,32.57680334455767
18.048253494045333,3.985963249656036,37.40480888934446,17.948573097256084,26.5,92.7,120,-1.0,-1.8369701987210287e-16,19.918493938512555,675.091472731209,149.09419359333444,323.9403971156802,32.57680334455767,35.711350708214546,33.61581937437434,0,33.11622086209604
16.41772719000951,0.1,37.05400353312378,17.295291853803686,26.5,92.7,120,-0.8660254037844386,0.5000000000000001,18.2704273666657,608.3425213044749,3.7054003533123785,283.9493833273428,33.11622086209604,32.57680334455767,33.801458304956085,0,22.06286574718324
14.383012794213624,2.220028777523365,55.00270886592782,17.493126664489527,26.5,92.7,120,-0.8660254037844386,0.5000000000000001,17.133148237510017,791.104665335047,122.10759652409928,251.6038646261524,22.06286574718324,33.11622086209604,29.251963317945652,0,31.79108960579392
13.87539257254779,4.170727725962801,40.3240980504408,19.324901607526307,26.5,92.7,120,-0.8660254037844386,0.5000000000000001,15.89159747506983,559.5126905837751,168.180833763416,268.1405962302874,31.79108960579392,22.06286574718324,28.99005873835773,0,32.717204386079
17.251334695530012,1.509227751859873,39.11235193982233,17.723708622864777,26.5,92.7,120,-0.8660254037844386,0.5000000000000001,19.20695229252113,674.7402740432376,59.0294469880902,305.7576294990916,32.717204386079,31.79108960579392,28.857053246352052,0,28.46398181085445
14.569392581480065,4.5827383625617895,41.83655887057414,17.324687884372963,26.5,92.7,120,-0.8660254037844386,0.5000000000000001,16.66122052500877,609.5332504435968,191.72600329375484,252.41017913904105,28.46398181085445,32.717204386079,30.99075860090912,0,29.20081913275401
16.398119391146942,2.0231091103748486,48.23790860423138,16.422029604707358,26.5,92.7,120,-0.8660254037844386,0.5000000000000001,18.81001482135851,791.0109844714204,97.5905523626498,269.2904021029409,29.20081913275401,28.46398181085445,30.12733510989582,0,32.446629178752204
13.987965237000596,0.7951656391169735,56.94437891231177,18.187494040944404,26.5,92.7,120,-0.8660254037844386,0.5000000000000001,16.835184182616185,796.5359926680069,45.28021345192749,254.40603439288583,32.446629178752204,29.20081913275401,30.037143374120223,0,27.965048840047785
18.90228721559008,5.142084516862852,64.90495158440368,15.848978655667926,26.5,92.7,120,-0.8660254037844386,0.5000000000000001,22.147534794810262,1226.8520365623667,333.7467466098952,299.58194662319187,27.965048840047785,32.446629178752204,29.870832383851337,0,34.363555135315586
20.12149584976397,6.734224549578847,45.68777873647864,18.45735642643153,26.5,92.7,120,-0.8660254037844386,0.5000000000000001,22.405884786587905,919.3064502309896,307.6717611829209,371.3896207320564,34.363555135315586,27.965048840047785,31.591744384705194,0,34.22380806894937
14.938997704778943,2.071906383403077,45.47907834709808,13.547118252896624,26.5,92.7,120,-0.8660254037844386,0.5000000000000001,17.21295162213385,679.41184704276,94.22839273864118,202.3803684863916,34.22380806894937,34.363555135315586,32.18413734810425,0,35.03338315783658
17.001834375248762,1.2684323750953357,48.47415036774503,18.127080685057685,26.5,92.7,120,-0.8660254037844386,0.5000000000000001,19.425541893636016,824.149476033305,61.48618168168727,308.1936235141216,35.03338315783658,34.22380806894937,34.54024878736718,0,33.57859385397641
18.40242784432789,2.407392118649335,31.3744956428884,15.487870533623894,26.5,92.7,120,-0.8660254037844386,0.5000000000000001,19.97115262647231,577.3668922204336,75.53071353728744,285.0144199573058,33.57859385397641,35.03338315783658,34.27859502692078,0,34.68871534048874
16.559937252639642,0.9725647700956848,67.24550776124585,17.19383177296284,26.5,92.7,120,-0.8660254037844386,0.5000000000000001,19.922212640701936,1113.5813890481234,65.40061179578365,284.7287752927065,34.68871534048874,33.57859385397641,34.43356411743392,0,32.11863230569527
14.852675986239529,2.129824982211653,47.41746576258324,16.184862843299353,26.5,92.7,120,-0.8660254037844386,0.5000000000000001,17.22354927436869,704.2762550602552,100.99090317431552,240.38852369325272,32.11863230569527,34.68871534048874,33.46198050005347,0,34.04182249004651
11.836141184232556,6.616455601272515,49.36763166193218,16.85493033219441,26.5,92.7,120,-0.8660254037844386,0.5000000000000001,14.304522767329164,584.3222582818186,326.6387430311495,199.4973350622568,34.04182249004651,32.11863230569527,33.61639004541018,0,31.56435796084844
16.98663580176178,3.5932151120821856,40.81262968286152,18.05046481911349,26.5,92.7,120,-0.8660254037844386,0.5000000000000001,19.02726728590485,693.2692765349409,146.648557740272,306.6166719347946,31.56435796084844,34.04182249004651,32.57493758553008,0,34.85661630003419
22.7987226201624,0.5188350215462414,42.86583902647605,13.778417276763404,26.5,92.7,120,-0.8660254037844385,-0.5000000000000004,24.9420145714862,977.2863738451596,22.24029851489942,314.1303136377822,34.85661630003419,31.56435796084844,33.48759891697639,0,32.95348809575074
24.174094136476345,0.50420782020106,48.41357813659525,8.018646628098658,26.5,92.7,120,-0.8660254037844385,-0.5000000000000004,26.59477304330611,1170.3543953577066,24.410504700386387,193.8435184347956,32.95348809575074,34.85661630003419,33.124820785544465,0,30.9058890980409
25.173714187600545,5.483133772752752,39.75520132326572,10.150553405595838,26.5,92.7,120,-0.8660254037844385,-0.5000000000000004,27.16147425376383,1000.7860755824104,217.9830870181832,255.527130278445,30.9058890980409,32.95348809575074,32.90533116460861,0,30.27083297714407
23.8457965811718,1.7845264707660826,49.89301831895138,12.240774873554033,26.5,92.7,120,-0.8660254037844385,-0.5000000000000004,26.340447497119367,1189.7387656543929,89.03541189658581,291.8910276306884,30.27083297714407,30.9058890980409,31.37673672364524,0,26.30069579639224
28.629317133347023,0.1,53.169573447307336,8.580926193215518,26.5,92.7,120,-0.8660254037844385,-0.5000000000000004,31.28779580571239,1522.208580067749,5.316957344730734,245.66605728341128,26.30069579639224,30.27083297714407,29.15913929052574,0,17.56751341455565
23.11991102660604,1.3637036757049776,59.20967823684016,8.846206773230836,26.5,92.7,120,-0.8660254037844385,-0.5000000000000004,26.080394938448045,1368.9224927497166,80.74445584888795,204.52351352005664,17.56751341455565,26.30069579639224,24.713014062697322,0,27.78313284941317
25.36390594258993,0.4816890079458829,50.272822744218765,10.80478541844847,26.5,92.7,120,-0.8660254037844385,-0.5000000000000004,27.87754707980087,1275.1151475528604,24.21586611430196,274.0515610833942,27.78313284941317,17.56751341455565,23.88378068678702,0,20.54900073363591
25.380287983422228,0.2997815773611224,49.472231778794566,11.018888601172687,26.5,92.7,120,-0.8660254037844385,-0.5000000000000004,27.85389957236196,1255.619489728419,14.83086367822208,279.6625659550113,20.54900073363591,27.78313284941317,21.966548999201578,0,18.848739109473563
20.93177165852876,3.657576164929813,50.33800402014796,9.877270195165169,26.5,92.7,120,-0.8660254037844385,-0.5000000000000004,23.44867185953616,1053.66360589584,184.1150836942343,206.74876433478912,18.848739109473563,20.54900073363591,22.393624230840885,0,33.17281604280964
27.92945026583278,1.172749625076252,42.08168786037054,11.32096986610133,26.5,92.7,120,-0.8660254037844385,-0.5000000000000004,30.03353465885131,1175.3184081985182,49.351283660825416,316.1884648362687,33.17281604280964,18.848739109473563,24.190185295306378,0,28.557667742362263
24.09704325588966,0.1,49.84314653054994,10.92464283582629,26.5,92.7,120,-0.8660254037844385,-0.5000000000000004,26.58920058241716,1201.0724579563084,4.984314653054994,263.2515909700512,28.557667742362263,33.17281604280964,26.859740964881826,0,18.08050774908961
23.024787551855017,0.2371061454935531,50.835109063337605,10.368523278769604,26.5,92.7,120,-0.8660254037844385,-0.5000000000000004,25.5665430050219,1170.467586358728,12.053316765752369,238.73304572013336,18.08050774908961,28.557667742362263,26.60366384475384,0,17.857790583650157
24.826869806447405,4.855814146248926,41.48917833148265,9.13301794503287,26.5,92.7,120,-0.8660254037844385,-0.5000000000000004,26.90132872302153,1030.0464288121984,201.4637390582579,226.7442474612789,17.857790583650157,18.08050774908961,21.498655358367344,0,30.52381748572017
23.462222618890344,0.1,68.26637035031011,11.08882765102173,26.5,92.7,120,-0.8660254037844385,-0.5000000000000004,26.87554113640585,1601.680778542591,6.826637035031012,260.1685429307787,30.52381748572017,17.857790583650157,22.154038606153318,0,22.53323970761369
22.954553958961924,3.200240972806573,42.04474239996915,8.887308055454657,26.5,92.7,120,-0.8660254037844385,-0.5000000000000004,25.05679107896038,965.1183081107462,134.55330731947905,204.0041923088509,22.53323970761369,30.52381748572017,23.63828259232801,0,31.483897525401424
22.776964394016108,0.1,40.29362595542399,8.972473091575496,26.5,92.7,120,-0.8660254037844385,-0.5000000000000004,24.79164569178731,917.7664836924956,4.029362595542399,204.36570013308275,31.483897525401424,22.53323970761369,28.18031823957843,0,21.542770121411888
14.548729929715314,5.119193697687502,54.07481374089407,18.7444968793227,26.5,92.7,120,-0.5000000000000004,0.8660254037844384,17.252470616760018,786.7198611159265,276.81944570601047,272.7086227656575,21.542770121411888,31.483897525401424,25.186635784809003,0,15.35800626635759
12.012276362190416,5.802992001534273,55.77662039478432,20.649119908505966,26.5,92.7,120,-0.5000000000000004,0.8660254037844384,14.801107381929633,670.0041787311355,323.6712820235468,248.0429349769817,15.35800626635759,21.542770121411888,22.794891304390305,0,11.761305297488152
11.50529018505202,4.132334102896209,61.50813773895735,17.349855948055698,26.5,92.7,120,-0.5000000000000004,0.8660254037844384,14.580697071999886,707.6689734288537,254.1721751843308,199.61512735123165,11.761305297488152,15.35800626635759,16.220693895085876,0,13.674467115308346
12.62487119907279,6.204458123491745,58.78590099658835,19.086909053721325,26.5,92.7,120,-0.5000000000000004,0.8660254037844384,15.56416624890221,742.1644284033728,364.73466098506407,240.96976839164805,13.674467115308346,11.761305297488152,13.597926226384699,0,14.886721191672368
13.16294044953212,3.473256440095926,72.1515527146026,20.14703095618365,26.5,92.7,120,-0.5000000000000004,0.8660254037844384,16.77051808526225,949.7265917235916,250.6008451289142,265.19416871112554,14.886721191672368,13.674467115308346,13.440831201489624,0,15.061463481792943
13.298831460226989,6.100718484349654,67.68813452916281,17.339429174466357,26.5,92.7,120,-0.5000000000000004,0.8660254037844384,16.68323818668513,900.1730929605071,412.9462534932096,230.59414620777088,15.061463481792943,14.886721191672368,14.540883929591223,0,12.734272769290197
14.320036403828803,6.0331481538361205,54.90202581722468,17.850270865477885,26.5,92.7,120,-0.5000000000000004,0.8660254037844384,17.065137694690037,786.1990083466062,331.2320557010521,255.616528611848,12.734272769290197,15.061463481792943,14.227485814251837,0,12.710940306511963
14.81643804316585,5.143141146784264,72.51842346574136,17.983704994673904,26.5,92.7,120,-0.5000000000000004,0.8660254037844384,18.44235921645292,1074.4647282682213,372.9724876265799,266.45445084015813,12.710940306511963,12.734272769290197,13.50222551919837,0,16.006534959606004
14.362548668894789,7.513720250372257,47.28061231535916,20.22522961270429,26.5,92.7,120,-0.5000000000000004,0.8660254037844384,16.726579284662748,679.0700954744922,355.25329420391404,290.4858446520375,16.006534959606004,12.710940306511963,13.817249345136057,0,13.951778595717284
10.04141464532739,7.51020567019661,68.15974170801026,18.822598363372062,26.5,92.7,120,-0.5000000000000004,0.8660254037844384,13.449401730727905,684.4202286085463,511.89367865463504,189.0055148690796,13.951778595717284,16.006534959606004,14.223084620611752,0,14.767872457709991
9.73298620748175,5.86317752006743,49.69900992843322,20.05205042559637,26.5,92.7,120,-0.5000000000000004,0.8660254037844384,12.21793670390341,483.7197781589391,291.3941177819977,195.166330224058,14.767872457709991,13.951778595717284,14.908728671011096,0,12.694407230977165
9.330212927672784,4.073430167224943,55.1473470335164,21.71080839111956,26.5,92.7,120,-0.5000000000000004,0.8660254037844384,12.087580279348604,514.5364902189721,224.63886704874864,202.56646512105047,12.694407230977165,14.767872457709991,13.804686094801482,0,12.485573337194232
13.29058635893428,6.227990383104944,58.8480738538937,19.53197845912533,26.5,92.7,120,-0.5000000000000004,0.8660254037844384,16.232990051628963,782.1254076121168,366.5052380262995,259.59144647184934,12.485573337194232,12.694407230977165,13.315951008627131,0,15.29263649870125
11.646105204370164,4.989317590691354,52.960182260633154,21.452141905580664,26.5,92.7,120,-0.5000000000000004,0.8660254037844384,14.29411431740182,616.7798542499522,264.2351689591972,249.83390149147024,15.29263649870125,12.485573337194232,13.490872355624218,0,15.217114377488292
11.981958596106594,5.574729364011702,54.6989223806012,20.85110524573141,26.5,92.7,120,-0.5000000000000004,0.8660254037844384,14.716904715136652,655.4002232160119,304.9316887749344,249.8370797374148,15.217114377488292,15.29263649870125,14.331774737794595,0,13.789509659750433
11.920521117248946,5.020476764598284,75.48067630615034,19.052062573119656,26.5,92.7,120,-0.5000000000000004,0.8660254037844384,15.694554932556462,899.7689958516974,378.948981571192,227.11051423002115,13.789509659750433,15.217114377488292,14.76642017864666,0,15.51803492013956
25.839437781225143,1.3240677005525272,45.79205138062159,9.367394604811876,26.5,92.7,120,-0.4999999999999997,-0.8660254037844388,28.129040350256226,1183.2408625242365,60.6317761751228,242.04821006322047,15.51803492013956,13.789509659750433,14.841552985792765,0,24.48067845525356
26.85655115205561,4.231509832760807,34.042039167282056,10.036701333856204,26.5,92.7,120,-0.4999999999999997,-0.8660254037844388,28.558653110419712,914.251766216391,144.04922346358254,269.5511827706139,24.48067845525356,15.51803492013956,17.929407678381185,0,24.590840371427863
28.510267124361604,0.1,66.2223544874888,8.0,26.5,92.7,120,-0.4999999999999997,-0.8660254037844388,31.821384848736045,1888.017016042472,6.622235448748881,228.08213699489283,24.590840371427863,24.48067845525356,21.52985124894033,0,16.702251535642112
26.43742699826977,0.1,47.88388456299582,8.0,26.5,92.7,120,-0.4999999999999997,-0.8660254037844388,28.83162122641956,1265.9267025277788,4.7883884562995815,211.49941598615817,16.702251535642112,24.590840371427863,21.924590120774514,0,17.636847682184484
25.38255280120037,0.6285853076527772,51.11709161736718,8.926658786372851,26.5,92.7,120,-0.4999999999999997,-0.8660254037844388,27.93840738206873,1297.4822770216192,32.13145276061795,226.5813879834081,17.636847682184484,16.702251535642112,19.643313196418156,0,24.9510629131417
26.42306692748919,0.1,68.05929043145309,8.0,26.5,92.7,120,-0.4999999999999997,-0.8660254037844388,29.826031449061844,1798.33518610771,6.805929043145309,211.3845354199136,24.9510629131417,17.636847682184484,19.76338737698943,0,17.739126967840917
28.57903592825157,2.729241793134072,65.44383045723464,8.835353339742506,26.5,92.7,120,-0.4999999999999997,-0.8660254037844388,31.851227451113303,1870.3215819197133,178.61203718666525,252.5058805352986,17.739126967840917,24.9510629131417,20.109012521055703,0,30.781001936221067
27.966896258757856,4.16770034713795,54.129918812345146,9.40641516044178,26.5,92.7,120,-0.4999999999999997,-0.8660254037844388,30.673392199375115,1513.845823919842,225.59728142476,263.0682369588824,30.781001936221067,17.739126967840917,24.49039727240123,0,28.370948826458463
27.16879449369931,2.1311001892502928,60.69291902471112,8.0,26.5,92.7,120,-0.4999999999999997,-0.8660254037844388,30.203440444934863,1648.9534442051097,129.34269121971457,217.35035594959447,28.370948826458463,30.781001936221067,25.63035924350682,0,27.449934067844406
26.7141425103664,0.1,50.57080555722255,8.0,26.5,92.7,120,-0.4999999999999997,-0.8660254037844388,29.24268278822752,1350.955706519672,5.057080555722255,213.7131400829312,27.449934067844406,28.370948826458463,28.867294943507982,0,17.872340733873706
25.626918092031858,0.1279717536034028,50.260848606089056,8.0,26.5,92.7,120,-0.4999999999999997,-0.8660254037844388,28.13996052233631,1288.030650464258,6.43196893371636,205.0153447362549,17.872340733873706,27.449934067844406,24.564407876058862,0,18.72453277138708
29.263767353595124,1.6110642077352213,57.700821296601625,8.186032128109666,26.5,92.7,120,-0.4999999999999997,-0.8660254037844388,32.148808418425205,1688.543410535117,92.95972794788108,239.55413974605645,18.72453277138708,17.872340733873706,21.348935857701733,0,28.924962291639133
28.442180463566213,0.1,61.95684736084529,10.837304365500795,26.5,92.7,120,-0.4999999999999997,-0.8660254037844388,31.54002283160848,1762.1878335907877,6.195684736084529,308.2365665021676,28.924962291639133,18.72453277138708,21.840611932299975,0,20.737799624098
26.46633416985816,2.4946352507596314,69.79164875956278,10.493695121615003,26.5,92.7,120,-0.4999999999999997,-0.8660254037844388,29.955916607836294,1847.129098335955,174.10470720424,277.729641765273,20.737799624098,28.924962291639133,22.795764895708075,0,25.73656929855081
27.580469274759743,0.1,62.39221615365521,8.526494372628884,26.5,92.7,120,-0.4999999999999997,-0.8660254037844388,30.700080082442508,1720.8066006100562,6.239221615365522,235.1647160657028,25.73656929855081,20.737799624098,25.133110404762647,0,17.553120886574675
27.96352127121376,0.1,56.49413411581664,8.0,26.5,92.7,120,-0.4999999999999997,-0.8660254037844388,30.78822797700459,1579.7749210464417,5.649413411581665,223.7081701697101,17.553120886574675,25.73656929855081,21.342496603074494,0,17.556723743197043
9.042956019265144,4.681631926770224,61.3148898323217,21.585683339328373,26.5,92.7,120,-2.4492935982947064e-16,1.0,12.10870051088123,554.4678520797727,287.0537458253963,195.1983850833309,17.556723743197043,17.553120886574675,20.28213797610751,0,12.548395119774906
10.595893812245295,5.465996050364105,61.863134774942736,17.80472757780182,26.5,92.7,120,-2.4492935982947064e-16,1.0,13.689050550992432,655.4952069679125,338.14365034297936,188.65700277034347,12.548395119774906,17.556723743197043,15.886079916515543,0,14.63154249616204
12.45491986920826,8.735605852124499,52.14013412351018,20.27695078779845,26.5,92.7,120,-2.4492935982947064e-16,1.0,15.061926575383769,649.4011924780905,455.47566077989177,252.547797253909,14.63154249616204,12.548395119774906,14.912220453044666,0,13.279458944054785
10.30641256386319,3.0916258941879127,61.42788038346383,21.28459819148521,26.5,92.7,120,-2.4492935982947064e-16,1.0,13.37780658303638,633.1010781556168,189.9120256185945,219.3678502175029,13.279458944054785,14.63154249616204,13.486465519997246,0,14.171785538621782
7.949714826684786,6.4942289730984974,59.70570828185289,21.278650002194336,26.5,92.7,120,-2.4492935982947064e-16,1.0,10.93500024077743,474.6433543659625,387.742540583376,169.15919941428055,14.171785538621782,13.279458944054785,14.02759565961287,0,7.908194489289037
16.266066749312532,2.217144744514638,63.78571923971533,20.882475809726863,26.5,92.7,120,-2.4492935982947064e-16,1.0,19.4553527112983,1037.5427668061182,141.42217218742107,339.6757454119214,7.908194489289037,14.171785538621782,11.78647965732187,0,17.924678745059936
12.151609116387451,4.766996920535418,72.800957867342,19.77941392774679,26.5,92.7,120,-2.4492935982947064e-16,1.0,15.791657009754552,884.6487833025319,347.0419419656481,240.35170660120883,17.924678745059936,7.908194489289037,13.334886257656919,0,14.043434355373265
10.320556315638449,4.922535052671598,48.008834205521545,19.21136746747886,26.5,92.7,120,-2.4492935982947064e-16,1.0,12.720998025914524,495.47787706623456,236.325169214579,198.27199984854,14.043434355373265,17.924678745059936,13.292102529907416,0,14.283266846545631
14.116848973699176,2.6038413707134134,55.5339318986738,16.94115173335985,26.5,92.7,120,-2.4492935982947064e-16,1.0,16.893545568632867,783.9641295292731,144.60154935614813,239.155680460363,14.283266846545631,14.043434355373265,15.417126648992946,0,13.900784805423594
13.153113926111534,6.743820652646714,89.63104646764191,21.679362367151864,26.5,92.7,120,-2.4492935982947064e-16,1.0,17.634666249493627,1178.9273655054908,604.4557022868208,285.1511230606035,13.900784805423594,14.283266846545631,14.075828669114166,0,12.445523066596737
10.473481686914964,2.511556142230604,51.9796604969347,20.07212741999207,26.5,92.7,120,-2.4492935982947064e-16,1.0,13.0724647117617,544.4080223067027,130.54983559213784,210.22505895071063,12.445523066596737,13.900784805423594,13.543191572855322,0,11.0527741821411
12.653854747528325,5.683119285941913,71.63524464946791,16.68329703648817,26.5,92.7,120,-2.4492935982947064e-16,1.0,16.23561698000172,906.4619805980224,407.11164042055833,211.10801740959107,11.0527741821411,12.445523066596737,12.46636068472048,0,12.559425581165756
10.419051089109375,7.064257057831633,80.05619597180026,22.0,26.5,92.7,120,-2.4492935982947064e-16,1.0,14.421860887699388,834.1095958299392,565.5375474169424,229.21912396040625,12.559425581165756,11.0527741821411,12.019240943301199,0,13.420197941228595
6.698060383213976,8.304334047404566,74.96868153998103,16.889914651387777,26.5,92.7,120,-2.4492935982947064e-16,1.0,10.446494460213028,502.1447558047319,622.5649746014947,113.12966820232576,13.420197941228595,12.559425581165756,12.344132568178486,0,8.430062866840242
12.22845529732408,6.4219238664833975,62.09110230228915,19.9145815644184,26.5,92.7,120,-2.4492935982947064e-16,1.0,15.333010412438536,759.2782688651191,398.74433177133295,243.52457042540465,8.430062866840242,13.420197941228595,11.4698954630782,0,12.618747488965951
14.298546652571352,4.714967493307867,64.7200920760243,22.0,26.5,92.7,120,-2.4492935982947064e-16,1.0,17.534551256372566,925.4032559077468,305.15313030234665,314.56802635656976,12.618747488965951,8.430062866840242,11.489669432344932,0,15.065672676377435
30.931297537843108,1.4271270554672864,65.5402256375034,8.0,26.5,92.7,120,1.2246467991473532e-16,-1.0,34.20830881971828,2027.2442198909905,93.53422922871178,247.4503803027449,15.065672676377435,12.618747488965951,12.038161010727878,0,19.38282937731124
28.723272050095268,0.5884401472301091,67.8911648440673,10.307054849698954,26.5,92.7,120,1.2246467991473532e-16,-1.0,32.117830292298635,1950.0563976140088,39.94988703646657,296.05234048315685,19.38282937731124,15.065672676377435,15.689083180884879,0,27.51687241964322
27.93057646058952,0.1,74.14258251612017,9.12789954903016,26.5,92.7,120,1.2246467991473532e-16,-1.0,31.637705586395523,2070.8450699520617,7.414258251612018,254.94749627876743,27.51687241964322,19.38282937731124,20.65512482444397,0,19.04395246112614
29.926752258488644,2.7042415103133544,71.57648127995591,10.845189473980922,26.5,92.7,120,1.2246467991473532e-16,-1.0,33.50557632248644,2142.051622799591,193.5600918394235,324.5612985841958,19.04395246112614,27.51687241964322,21.98121808602687,0,24.03824689974516
29.90800352698641,3.1814621590519536,62.47784604287723,9.138453830739902,26.5,92.7,120,1.2246467991473532e-16,-1.0,33.031895829130264,1868.587639808886,198.77090296448776,273.3129094009714,24.03824689974516,19.04395246112614,23.53302392683818,0,24.49962632868904
26.14613905684384,1.7596289443167574,39.06986127944742,8.0,26.5,92.7,120,1.2246467991473532e-16,-1.0,28.099632120816203,1021.526025944031,68.74845875775623,209.1691124547507,24.49962632868904,24.03824689974516,22.527275229853448,0,25.06261529013797
29.09419476234008,1.4742943515725695,63.25855037418224,9.648165277980786,26.5,92.7,120,1.2246467991473532e-16,-1.0,32.25712228104919,1840.4565849697592,93.26172350532572,280.70559969682,25.06261529013797,24.49962632868904,24.533496172857394,0,24.781456482801985
27.96297372801522,1.301362378600081,67.58174848270471,8.0,26.5,92.7,120,1.2246467991473532e-16,-1.0,31.342061152150457,1889.7866573152044,87.94834495540502,223.70378982412177,24.781456482801985,25.06261529013797,24.781232700543,0,27.14578495695364
27.09986905704152,3.124379521135355,56.45903656493925,8.0,26.5,92.7,120,1.2246467991473532e-16,-1.0,29.92282088528848,1530.0324979965726,176.39945762652837,216.79895245633213,27.14578495695364,24.781456482801985,25.6632855766312,0,27.676104061590884
26.02854790732892,2.8867726874760464,60.75793905302047,8.0,26.5,92.7,120,1.2246467991473532e-16,-1.0,29.06644485997994,1581.440927392114,175.39435900559374,208.2283832586313,27.676104061590884,27.14578495695364,26.534448500448836,0,27.67345127793581
29.85235509506328,5.697512937380619,53.81145940944687,8.844453855035857,26.5,92.7,120,1.2246467991473532e-16,-1.0,32.54292806553563,1606.3987944743922,306.5914861646556,264.02777710243174,27.67345127793581,27.676104061590884,27.498446765493444,0,28.90244054817352
28.742291746742616,0.6707092830087165,65.6927182997832,8.0,26.5,92.7,120,1.2246467991473532e-16,-1.0,32.026927661731776,1888.1592750089465,44.060715989741176,229.93833397394093,28.90244054817352,27.67345127793581,28.083998629233406,0,27.75491748353542
27.460250129413257,0.1,61.44565391939111,8.565950739567278,26.5,92.7,120,1.2246467991473532e-16,-1.0,30.532532825382813,1687.313025991842,6.144565391939111,235.22314990475,27.75491748353542,28.90244054817352,28.110269769881583,0,18.10303350418089
27.50851387182811,1.3332325169450168,43.42490685646743,8.0,26.5,92.7,120,1.2246467991473532e-16,-1.0,29.679759214651483,1194.554652643978,57.895497866350986,220.0681109746249,18.10303350418089,27.75491748353542,24.920130511963276,0,25.653015675794485
25.837873344800204,3.1105508703288853,69.74481006374707,8.0,26.5,92.7,120,1.2246467991473532e-16,-1.0,29.32511384798756,1802.057568884244,216.94477964471125,206.70298675840164,25.653015675794485,18.10303350418089,23.836988887836934,0,31.585051925728028
24.31825153733671,0.1,60.00145137843457,8.03913657531625,26.5,92.7,120,1.2246467991473532e-16,-1.0,27.31832410625844,1459.1303872260503,6.000145137843457,195.4977453815441,31.585051925728028,25.653015675794485,25.1137003685678,0,20.893852456979424
24.902540989606663,3.8520375298829856,67.7358073958303,8.0,26.5,92.7,120,0.4999999999999999,-0.8660254037844387,28.28933135939818,1686.7937201387665,260.92087220566384,199.2203279168533,20.893852456979424,31.585051925728028,26.043973352833984,0,34.9222626814587
28.553254875063907,5.936022921834084,74.42391902735733,10.309146924131404,26.5,92.7,120,0.4999999999999999,-0.8660254037844387,32.274450826431774,2125.045128789252,441.7820892791169,294.3596996692051,34.9222626814587,20.893852456979424,29.13372235472205,0,33.584299184211346
27.048663650157565,8.15002708966301,73.46111228175101,9.256168590793786,26.5,92.7,120,0.4999999999999999,-0.8660254037844387,30.72171926424512,1987.024917475542,598.7100551330467,250.36699090153405,33.584299184211346,34.9222626814587,29.800138107549827,0,31.041002637244404
24.97883988982087,4.797712072177342,84.26876463205923,8.0,26.5,92.7,120,0.4999999999999999,-0.8660254037844387,29.19227812142383,2104.935979457207,404.2972693827016,199.8307191185669,31.041002637244404,33.584299184211346,33.18252150097148,0,35.52013820459777
27.95829860288761,10.92900584600188,79.56712408554533,10.507196037564269,26.5,92.7,120,0.4999999999999999,-0.8660254037844387,31.93665480716487,2224.561414156687,869.5895642804819,293.76332429729933,35.52013820459777,31.041002637244404,33.38181334201784,0,29.76675533576787
29.46202552864876,1.8082039334548765,78.55055542516983,9.965798657437372,26.5,92.7,120,0.4999999999999999,-0.8660254037844387,33.38955329990725,2314.258469225893,142.0354232948574,293.61261445879336,29.76675533576787,35.52013820459777,32.10929872587002,0,30.19631316192388
26.886400042347216,3.458197631310002,85.2213191663074,8.0,26.5,92.7,120,0.4999999999999999,-0.8660254037844387,31.147466000662583,2291.2944792418925,294.7121640780379,215.09120033877767,30.19631316192388,29.76675533576787,31.82773556742984,0,36.75012066377898
28.64352247667955,2.903665804765584,74.84787033677848,8.0,26.5,92.7,120,0.4999999999999999,-0.8660254037844387,32.38591599351847,2143.906656323112,217.333201656432,229.1481798134364,36.75012066377898,30.19631316192388,32.23772972049024,0,28.06764069164955
23.73934791268677,2.024792818784892,75.04194959774547,8.874318467940482,26.5,92.7,120,0.4999999999999999,-0.8660254037844387,27.491445392574047,1781.4469495471849,151.94440065313285,210.6705335984205,28.06764069164955,36.75012066377898,31.671358172450805,0,36.10391107008756
25.900469395602123,1.1051158209145346,74.49856722181462,10.236561058045226,26.5,92.7,120,0.4999999999999999,-0.8660254037844387,29.62539775669285,1929.547860344817,82.32954527229231,265.13173640011286,36.10391107008756,28.06764069164955,33.64055747517204,0,29.91836586839109
24.8537109216226,2.842865508525221,67.99505397292194,8.0,26.5,92.7,120,0.4999999999999999,-0.8660254037844387,28.253463620268693,1689.929415543128,193.30079368993057,198.8296873729808,29.91836586839109,36.10391107008756,31.363305876709404,0,38.7023400464674
21.984914230020934,1.6297523537514842,79.61657701744431,8.499279498228878,26.5,92.7,120,0.4999999999999999,-0.8660254037844387,25.965743080893148,1750.363617016369,129.7553037918162,186.85593078553725,38.7023400464674,29.91836586839109,34.90820566164869,0,36.67641179727562
27.886162881768293,3.890867075266335,83.3003195540632,8.038822979011247,26.5,92.7,120,0.4999999999999999,-0.8660254037844387,32.05117885947145,2322.9262791879546,324.11047071206895,224.17192697040943,36.67641179727562,38.7023400464674,35.09903923737804,0,31.028188766907963
26.25663383169525,6.561585915271223,72.92326918909116,8.0,26.5,92.7,120,0.4999999999999999,-0.8660254037844387,29.90279729114981,1914.7195769081109,478.4922960066725,210.053070653562,31.028188766907963,36.67641179727562,35.46898020355033,0,30.49711499735288
28.350123166682494,4.112069487664518,72.11227067344736,10.54284228233974,26.5,92.7,120,0.4999999999999999,-0.8660254037844387,31.955736700354866,2044.3917554213783,296.5306679224877,298.8908772312396,30.49711499735288,31.028188766907963,32.73390518717883,0,31.999225368593333
27.44026269890326,5.188924832583465,88.32379555570061,10.325402674820564,26.5,92.7,120,0.4999999999999999,-0.8660254037844387,31.85645247668829,2423.628152612649,458.3055360670001,283.33176186903466,31.999225368593333,30.49711499735288,31.174843044284728,0,29.63500611466409
14.065225075746955,6.621248876524835,80.18150830480553,21.48069720731867,26.5,92.7,120,0.4999999999999999,0.8660254037844387,18.07430049098724,1127.7709612199635,530.9017217812604,302.13084100490613,29.63500611466409,31.999225368593333,30.710448826870106,0,17.213183260279575
13.759033348861411,3.371697168141737,77.59267175515836,18.618529002082155,26.5,92.7,120,0.4999999999999999,0.8660254037844387,17.63866693661933,1067.6001583064808,261.6189916254188,256.1729614463917,17.213183260279575,29.63500611466409,26.282471581179006,0,12.756049574891678
13.66403732385364,7.419888023226983,75.04090765313968,18.84427172264391,26.5,92.7,120,0.4999999999999999,0.8660254037844387,17.416082706510625,1025.361762988355,556.7951319476132,257.4888321590461,12.756049574891678,17.213183260279575,19.86807964994512,0,12.919296079038832
13.591562358221337,8.461423222421825,65.10439431297534,17.215467503080216,26.5,92.7,120,0.4999999999999999,0.8660254037844387,16.846782073870102,884.8704350990349,550.8758339215169,233.9851000940477,12.919296079038832,12.756049574891678,14.296176304736699,0,13.403049781705237
13.499984257984895,4.406299921443229,76.38544740680946,19.774128492299887,26.5,92.7,120,0.4999999999999999,0.8660254037844387,17.31925662832537,1031.202337531061,336.57719090803045,266.95042336141904,13.403049781705237,12.919296079038832,13.026131811878587,0,14.072974007841855
11.486755292859089,6.668304595933407,79.03989823184365,20.494785213961816,26.5,92.7,120,0.4999999999999999,0.8660254037844387,15.43875020445127,907.9119693616738,527.0621166415118,235.41858253248608,14.072974007841855,13.403049781705237,13.465106622861981,0,14.210655336819263
13.633780505194554,5.652378439226018,73.3350219971418,18.456651020718382,26.5,92.7,120,0.4999999999999999,0.8660254037844387,17.300531605051646,999.8335932526456,414.51729717681,251.63392887744945,14.210655336819263,14.072974007841855,13.89555970878879,0,14.641220726060013
11.420802376139466,6.255005795561218,78.30345163420499,18.35056559350067,26.5,92.7,120,0.4999999999999999,0.8660254037844387,15.335974957849716,894.2882464838501,489.7885437843998,209.5781831337556,14.641220726060013,14.210655336819263,14.308283356907049,0,14.234011907542016
11.553531446617091,7.19856505181962,77.73404780621728,22.0,26.5,92.7,120,0.4999999999999999,0.8660254037844387,15.440233836927955,898.1027658019676,559.5735998743113,254.177691825576,14.234011907542016,14.641220726060013,14.361962656807101,0,13.84938936306728
12.532983100835374,8.33286199045913,87.01885641676823,19.30729459333629,26.5,92.7,120,0.4999999999999999,0.8660254037844387,16.883925921673786,1090.605856925376,725.1161210885085,241.9779968611339,13.84938936306728,14.234011907542016,14.24154066555644,0,11.21628063259437
12.815961586762956,4.986696597666354,62.14842943793942,19.501347876507467,26.5,92.7,120,0.4999999999999999,0.8660254037844387,15.923383058659928,796.4918843542797,309.91536162848,249.92852527542104,11.21628063259437,13.84938936306728,13.099893967734559,0,14.1289919061435
13.591241773167454,5.0891442286583874,80.108739670219,16.70387232930319,26.5,92.7,120,0.4999999999999999,0.8660254037844387,17.596678756678404,1088.777249001677,407.6849301577922,227.02636737568147,14.1289919061435,11.21628063259437,13.06488730060172,0,14.016430404329686
13.54302588594162,8.439507866641138,63.17131003376127,20.911783487517027,26.5,92.7,120,0.4999999999999999,0.8660254037844387,16.701591387629684,855.5306870360725,533.1347679759546,283.20882509264965,14.016430404329686,14.1289919061435,13.12056764768919,0,13.42388635126877
16.258170023003284,5.8753461260048345,67.08316143793135,19.00747204255716,26.5,92.7,120,0.4999999999999999,0.8660254037844387,19.61232809489985,1090.6494443384654,394.13679267450686,309.02671217537585,13.42388635126877,14.016430404329686,13.856436220580656,0,17.356014126862643
12.386421581563791,6.154895746875623,63.73990644225743,18.02942739132032,26.5,92.7,120,0.4999999999999999,0.8660254037844387,15.573416903676662,789.5093527632343,392.3124790677004,223.32008854308737,17.356014126862643,13.42388635126877,14.932110294153704,0,13.85867142828404
13.687400307508607,3.477440693553954,64.2145166231543,20.311048563740705,26.5,92.7,120,0.4999999999999999,0.8660254037844387,16.89812613866632,878.9297945742787,223.3021732222536,278.0054523571668,13.85867142828404,17.356014126862643,14.879523968805154,0,14.362113054477035
15.531693250553328,6.429503564968844,94.9542105997479,18.15115209372936,26.5,92.7,120,0.8660254037844386,0.5000000000000001,20.27940378054072,1474.7996718837237,610.5084355598815,281.9181264639432,14.362113054477035,13.85867142828404,15.192266203207913,0,11.252171001834371
14.646155999388082,8.12113005654894,90.56850425565636,18.396920178674296,26.5,92.7,120,0.8660254037844386,0.5000000000000001,19.1745812121709,1326.4804419595864,735.5186020872916,269.4441628451542,11.252171001834371,14.362113054477035,13.157651828198487,0,10.300562440688278
13.169258515899172,6.056486833336487,79.57879194347461,15.796584096167573,26.5,92.7,120,0.8660254037844386,0.5000000000000001,17.1481981130729,1047.9936834865714,481.96790561847774,208.0292996305722,10.300562440688278,11.252171001834371,11.9716154989999,0,13.822031416898184
17.043883131233795,7.4917468253335775,84.32445087845578,17.519672314245465,26.5,92.7,120,0.8660254037844386,0.5000000000000001,21.260105675156584,1437.2160858778652,631.7374371666683,298.60324742151204,13.822031416898184,10.300562440688278,11.791588286473617,0,16.804091375637636
14.232285127597734,7.205227690758261,82.78617782325676,15.285544553254066,26.5,92.7,120,0.8660254037844386,0.5000000000000001,18.37159401876057,1178.2364874045986,596.4932608641672,217.5482284125104,16.804091375637636,13.822031416898184,13.642228411074704,0,15.02487079845024
13.599407185888449,6.228775007185308,78.52094558640111,16.020006151139434,26.5,92.7,120,0.8660254037844386,0.5000000000000001,17.525454465208504,1067.8383116504592,489.0893034091328,217.8625867697828,15.02487079845024,16.804091375637636,15.216997863662023,0,15.627989435327216
14.821270486111576,8.596981672909255,85.17663196340914,15.96063560710902,26.5,92.7,120,0.8660254037844386,0.5000000000000001,19.080102084282032,1262.4259014256638,732.261943949565,236.55689746322645,15.627989435327216,15.02487079845024,15.818983869805033,0,12.299981157511
14.355559208867136,7.38515190185103,84.28024064455855,16.239585236943306,26.5,92.7,120,0.8660254037844386,0.5000000000000001,18.569571241095066,1209.8899847105308,622.422379484624,233.12832739638424,12.299981157511,15.627989435327216,14.317613797096158,0,15.029162515409949
17.900847676372102,5.743970167542399,75.1331907049019,17.737878757259757,26.5,92.7,120,0.8660254037844386,0.5000000000000001,21.6575072116172,1344.9478022482654,431.5628060012304,317.5230657356634,15.029162515409949,12.299981157511,14.31904436941606,0,15.074996288237688
19.257231091142582,4.137574562437422,68.69344856084753,16.916678451655073,26.5,92.7,120,0.8660254037844386,0.5000000000000001,22.69190351918496,1322.8456133837567,284.22426537146623,325.76838623807384,15.074996288237688,15.029162515409949,14.134713320386219,0,16.639490974335438
14.487298509431394,4.053270059671856,77.14792500174855,15.377677994578407,26.5,92.7,120,0.8660254037844386,0.5000000000000001,18.344694759518823,1117.6650188835567,312.7013745753972,222.7810114893717,16.639490974335438,15.074996288237688,15.58121659266103,0,13.531545303289557
15.867840402705369,4.475745079342292,77.10581921327149,17.071098006974623,26.5,92.7,120,0.8660254037844386,0.5000000000000001,19.723131363368942,1223.5028333960452,345.1059909324562,270.88145867361504,13.531545303289557,16.639490974335438,15.082010855287566,0,15.525294180898806
16.67699281498883,6.067201651065602,87.38276300453904,20.406039286706594,26.5,92.7,120,0.8660254037844386,0.5000000000000001,21.04613096521578,1457.2817107805693,530.1688439758135,340.3113705667856,15.525294180898806,13.531545303289557,15.232110152841273,0,14.439131133392952
16.111449824577388,9.086160515809102,68.7807910379702,19.29432547919092,26.5,92.7,120,0.8660254037844386,0.5000000000000001,19.5504893764759,1108.158263702999,624.9533077753214,310.8595568570496,14.439131133392952,15.525294180898806,14.498656872527112,0,15.96782026964464
13.778848309068342,10.40231836571445,89.80593522086845,18.90733264249124,26.5,92.7,120,0.8660254037844386,0.5000000000000001,18.269145070111765,1237.4223586623643,934.189929298202,260.5212684099831,15.96782026964464,14.439131133392952,15.310748527978808,0,11.435244720246269
16.341730876255884,6.529810806161847,82.46797954021191,17.521372558042508,26.5,92.7,120,0.8660254037844386,0.5000000000000001,20.46512985326648,1347.6695275547197,538.5003039640098,286.32955492614576,11.435244720246269,15.96782026964464,13.947398707761293,0,17.02103697505942
24.48392454313207,0.9498966459919672,68.52116541558452,10.156568706138543,26.5,92.7,120,0.8660254037844387,-0.4999999999999998,27.90998281391129,1677.667043642642,65.08802520772451,248.6726618182326,17.02103697505942,11.435244720246269,14.808033988316785,0,33.34105189498324
23.04165152430942,4.405139181979929,73.46982828364055,9.205690063878995,26.5,92.7,120,0.8660254037844387,-0.4999999999999998,26.715142938491447,1692.8661808624977,323.6448192656022,212.1143024926976,33.34105189498324,17.02103697505942,20.599111196762983,0,37.115206503253184
24.51510078144553,4.627565303775229,66.97033835329644,10.960229186826176,26.5,92.7,120,0.8660254037844387,-0.4999999999999998,27.86361769911035,1641.784594098569,309.9096141458021,268.6911231027845,37.115206503253184,33.34105189498324,29.159098457765293,0,36.90824246939331
27.73154902228952,5.724122977131138,72.79008009806759,11.984830412950746,26.5,92.7,120,0.8660254037844387,-0.4999999999999998,31.371053027192893,2018.5816745759416,416.6593699965647,332.35791212056995,36.90824246939331,37.115206503253184,35.788166955876584,0,35.02792822182689
21.244661264085817,2.9008070554773173,86.44079021335806,11.770678926368316,26.5,92.7,120,0.8660254037844387,-0.4999999999999998,25.56670077475372,1836.4053074826963,250.7480541319437,250.0640866390082,35.02792822182689,36.90824246939331,36.35045906482447,0,35.51680056036372
28.244312394025265,6.841387656409857,70.16554834805667,10.273648890700624,26.5,92.7,120,0.8660254037844387,-0.4999999999999998,31.7525898114281,1981.777666840596,480.029716373624,290.1721486954796,35.51680056036372,35.02792822182689,35.81765708386131,0,33.15021099830766
22.34200997815585,3.656095054913624,88.29885691667488,11.915555398150198,26.5,92.7,120,0.8660254037844387,-0.4999999999999998,26.7569528239896,1972.7739422921056,322.82901412758065,266.21745760074054,33.15021099830766,35.51680056036372,34.56497992683276,0,35.88957377461906
22.563111557495127,4.349562831883869,84.80776860047281,13.21303432542433,26.5,92.7,120,0.8660254037844387,-0.4999999999999998,26.80349998751877,1913.5271438747004,368.8767181596244,298.1271674975615,35.88957377461906,33.15021099830766,34.85219511109682,0,34.448327801205124
20.573730941818244,7.484201883638389,81.40418931366783,12.856724467960197,26.5,92.7,120,0.8660254037844387,-0.4999999999999998,24.643940407501635,1674.787888476238,609.2453869974088,264.5107899969044,34.448327801205124,35.88957377461906,34.49603752471062,0,41.43899192193825
21.39106099899029,6.11580223296764,85.25329404446356,9.590180320508969,26.5,92.7,120,0.8660254037844387,-0.4999999999999998,25.653725701213475,1823.658413269976,521.3922860849771,205.1441322273236,41.43899192193825,34.448327801205124,37.258964499254155,0,36.79302720881637
24.154736615295235,3.053888732651036,94.50550069384605,11.80836506552699,26.5,92.7,120,0.8660254037844387,-0.4999999999999998,28.880011649987537,2282.7554779564525,288.6092837424811,285.2279480150579,36.79302720881637,41.43899192193825,37.56011564398659,0,36.11336970409978
25.67138422413028,2.517043425992327,86.55894149901104,13.162352930986852,26.5,92.7,120,0.8660254037844387,-0.4999999999999998,29.99933129908084,2222.087845255128,217.8726146609401,337.8958193849708,36.11336970409978,36.79302720881637,38.115129611618144,0,34.22482343450081
25.66067163308849,3.0642894834898287,82.89303797344392,10.283513829852328,26.5,92.7,120,0.8660254037844387,-0.4999999999999998,29.80532353176069,2127.0910281056795,254.00826451654723,263.88187162216485,34.22482343450081,36.11336970409978,35.710406782472326,0,31.67256721659944
25.64634116792383,4.923093069684371,72.00082087776035,9.057381841904578,26.5,92.7,120,0.8660254037844387,-0.4999999999999998,29.24638221181185,1846.5576166016149,354.46674227488774,232.2887048056432,31.67256721659944,34.22482343450081,34.00358678506668,0,39.97463966130326
21.55574438221611,6.20245399565234,80.3979048904237,10.437768788675603,26.5,92.7,120,0.8660254037844387,-0.4999999999999998,25.57563962673729,1733.0366866836955,498.6643064296853,224.9938759293648,39.97463966130326,31.67256721659944,35.29067677080118,0,38.015934314929225
24.816505511428943,1.3712899268318823,90.55375317429392,11.708896223619568,26.5,92.7,120,0.8660254037844387,-0.4999999999999998,29.34419317014364,2247.227714730441,124.17544956472985,290.57388766620454,38.015934314929225,39.97463966130326,36.55438039761065,0,32.38278482299956
19.061051228130097,7.206440430731572,81.2926584575003,13.301405369644614,26.5,92.7,120,1.0,6.123233995736766e-17,23.12568415100511,1549.5235273292965,585.830700629783,253.53876915692075,32.38278482299956,38.015934314929225,36.791119599744015,0,38.425605171435
18.321564953554724,5.5028955918572136,87.65010745122851,15.46331769068354,26.5,92.7,120,1.0,6.123233995736766e-17,22.70407032611615,1605.887136853734,482.3293899191765,283.3121794673104,38.425605171435,32.38278482299956,36.27477476978793,0,33.58352217197234
19.67742857666798,6.929422057188719,95.0,14.261866719247758,26.5,92.7,120,1.0,6.123233995736766e-17,24.42742857666798,1869.3557147834583,658.2950954329283,280.6368637379559,33.58352217197234,38.425605171435,34.79730405546897,0,33.38528377709454
18.63995055684302,6.58582773788165,87.34457978638945,12.928472872960448,26.5,92.7,120,1.0,6.123233995736766e-17,23.00717954616249,1628.0986486265294,575.2363563108205,240.98609512746896,33.38528377709454,33.58352217197234,35.13147037350063,0,33.55501568073575
20.71557472069657,7.242889396296111,93.6644099454022,15.580703078052355,26.5,92.7,120,1.0,6.123233995736766e-17,25.39879521796668,1940.312082893934,678.4009616038857,322.7632188143806,33.55501568073575,33.38528377709454,33.50794054326755,0,34.48548181964267
23.5309084805622,6.931283765481554,74.91292836531964,15.376792920582163,26.5,92.7,120,1.0,6.123233995736766e-17,27.276554898828174,1762.7692613752483,519.2427642032227,361.8299069387756,34.48548181964267,33.55501568073575,33.80859375915767,0,37.643211429285685
21.799199750866503,6.735919385312862,91.50289695071169,14.944443262885418,26.5,92.7,120,1.0,6.123233995736766e-17,26.37434459840209,1994.6899284115173,616.3561373825839,325.7769038531304,37.643211429285685,34.48548181964267,35.22790297655471,0,30.88487997088813
19.05792338876336,6.585420218274916,73.4153252680214,11.888804338435168,26.5,92.7,120,1.0,6.123233995736766e-17,22.728689652164423,1399.1436445190946,483.4707673512575,226.5759222658949,30.88487997088813,37.643211429285685,34.33785773993883,0,39.83687219216191
17.359533585958715,9.78423787526835,94.4355209657703,13.296236521842944,26.5,92.7,120,1.0,6.123233995736766e-17,22.08130963424723,1639.3565979127975,923.979601003988,230.81646446778348,39.83687219216191,30.88487997088813,36.121654530778585,0,31.581552400414022
20.768130897878613,6.055930847371457,68.46046319968099,13.866319940730817,26.5,92.7,120,1.0,6.123233995736766e-17,24.19115405786266,1421.7958610603764,414.5918309162865,287.977547600962,31.581552400414022,39.83687219216191,34.101101521154696,0,37.03450169320922
23.374283270145128,7.884599857458544,84.93621886946706,16.21991620833504,26.5,92.7,120,1.0,6.123233995736766e-17,27.62109421361848,1985.3232397499687,669.6880991912676,379.1289160716415,37.03450169320922,31.581552400414022,36.15097542859505,0,30.20883193273449
18.279173269432096,5.352209255099992,93.05034247371552,13.134662195715276,26.5,92.7,120,1.0,6.123233995736766e-17,22.931690393117872,1700.883332857043,498.0249041780441,240.0907661109389,30.20883193273449,37.03450169320922,32.941628675452584,0,32.363822374238666
20.36373251011699,6.617761516160315,81.32511280367805,12.725233445802813,26.5,92.7,120,1.0,6.123233995736766e-17,24.429988150300893,1656.0828434891905,538.1902018095772,259.1332500191228,32.363822374238666,30.20883193273449,33.202385333394126,0,38.84971666515796
19.683984202842023,5.2675582036648025,76.90316499791867,11.517714992201345,26.5,92.7,120,1.0,6.123233995736766e-17,23.52914245273796,1513.760684967585,405.0918976725744,226.714519959328,38.84971666515796,32.363822374238666,33.80745699071038,0,36.17098305062218
21.44334412808647,3.863216801125184,80.80383786976181,14.734061841841877,26.5,92.7,120,1.0,6.123233995736766e-17,25.48353602157456,1732.704502311408,312.1627440538592,315.9475584791229,36.17098305062218,38.84971666515796,35.79484069667294,0,42.60897120758191
18.92048063938128,4.564710892755017,86.56676204078146,12.532440833577452,26.5,92.7,120,1.0,6.123233995736766e-17,23.24881874142035,1637.884745206532,395.15224163808665,237.1198041558936,42.60897120758191,36.17098305062218,39.209890307787354,0,35.490852446252035
22.952895698251524,2.529971140634685,46.80246337632753,13.44570960674996,24.8,87.9,25,-1.0,-1.8369701987210287e-16,25.2930188670679,1074.2520602980826,118.40888165272044,308.61797019271035,35.490852446252035,42.60897120758191,38.09026890148538,1,32.158246256484254
21.788278358482213,6.317435468854951,60.94012282534494,12.850015118324976,24.8,87.9,25,-1.0,-1.8369701987210287e-16,24.83528449974946,1327.7803593187111,384.9852934132113,279.9797063087693,32.158246256484254,35.490852446252035,36.75268997010607,1,32.09394068450546
27.11308712965908,0.6169027857885259,48.78905661449164,12.61042830502769,24.8,87.9,25,-1.0,-1.8369701987210287e-16,29.552539960383665,1322.8219429625815,30.098104941474,341.90764137653485,32.09394068450546,32.158246256484254,33.24767979574725,1,26.95277406467444
25.928354477504875,4.872397203371973,47.245091235921095,16.637930726292698,24.8,87.9,25,-1.0,-1.8369701987210287e-16,28.29060903930093,1224.987472887021,230.19685041095565,431.3941656434872,26.95277406467444,32.09394068450546,30.40165366855472,1,26.45256082261572
23.819525591919,1.1565038360932165,56.22695976100152,15.04685490880854,24.8,87.9,25,-1.0,-1.8369701987210287e-16,26.63087357996908,1339.2995069829751,65.02669465545718,358.40894557825703,26.45256082261572,26.95277406467444,28.499758523931877,1,28.26223333950663
23.52088452666711,1.8009959440548806,36.931562527390334,11.05606146249113,24.8,87.9,25,-1.0,-1.8369701987210287e-16,25.367462653036625,868.6630175961342,66.5135943194392,260.0483449789881,28.26223333950663,26.45256082261572,27.2225227422656,1,27.408164786457235
26.90831486750057,1.867186247916484,36.5287393035472,16.222495103693895,24.8,87.9,25,-1.0,-1.8369701987210287e-16,28.734751832677933,982.9268188926916,68.2059596813097,436.52000618668166,27.408164786457235,28.26223333950663,27.37431964952653,1,24.8472309574017
21.967140712224857,2.4857464895841628,43.35312455295728,12.88013248018964,24.8,87.9,25,-1.0,-1.8369701987210287e-16,24.13479693987272,952.344187369423,107.76487717001854,282.9396825844236,24.8472309574017,27.408164786457235,26.839209694455192,1,30.507664488548496
23.96413345467077,3.6161459510753966,48.150378385730015,11.108491130981584,24.8,87.9,25,-1.0,-1.8369701987210287e-16,26.371652373957275,1153.882093528529,174.11879584230587,266.20536394286927,30.507664488548496,24.8472309574017,27.587686744135812,1,32.062928490247465
23.817214615403536,2.263062714162589,38.29131361242215,12.669978616574811,24.8,87.9,25,-1.0,-1.8369701987210287e-16,25.731780296024645,911.9924342127812,86.65564411257897,301.76359988353585,32.062928490247465,30.507664488548496,29.139274645399226,1,28.1571645959829
21.53808744856905,4.394523356287596,50.48406191032164,16.772913249944615,24.8,87.9,25,-1.0,-1.8369701987210287e-16,24.062290544085137,1087.3301401834815,221.85338918517743,361.25647234456966,28.1571645959829,32.062928490247465,30.242585858259627,1,26.485050620085083
21.350971676944653,1.6615002099609564,40.76817833548788,12.41516353585962,24.8,87.9,25,-1.0,-1.8369701987210287e-16,23.389380593719046,870.4402209616303,67.73633686413883,265.0758050187748,26.485050620085083,28.1571645959829,28.90171456877182,1,28.957460983539008
25.165382107774143,1.9364303528046,44.25091049008663,15.988694971313285,24.8,87.9,25,-1.0,-1.8369701987210287e-16,27.37792763227848,1113.5910710999412,85.68880621224324,402.3616183577457,28.957460983539008,26.485050620085083,27.86655873320234,1,23.087277741680584
21.88890644102627,3.287457719646311,35.38280379139129,13.406478932365602,24.8,87.9,25,-1.0,-1.8369701987210287e-16,23.65804663059584,774.4908818109535,116.31947146674004,293.4531630541404,23.087277741680584,28.957460983539008,26.176596448434896,1,27.42328684855531
20.39765684040507,5.065488753471217,51.61564270825362,16.21094773599863,24.8,87.9,25,-0.8660254037844386,0.5000000000000001,22.97843897581776,1052.8381675599137,261.45845764184736,330.66534897664155,27.42328684855531,23.087277741680584,26.489341857924973,1,33.33337821730412
20.78039682224957,6.294041534139943,32.90998902640648,15.605733709711386,24.8,87.9,25,-0.8660254037844386,0.5000000000000001,22.425896273569897,683.8826313846055,207.13683782029213,324.2933391901595,33.33337821730412,27.42328684855531,27.947980935846676,1,23.613083786047227
18.737054808656666,5.87563720757545,44.18537802640549,14.59013434889198,24.8,87.9,25,-0.8660254037844386,0.5000000000000001,20.94632370997694,827.9038498219735,259.6172511627348,273.37614696085325,23.613083786047227,33.33337821730412,28.123249617302225,1,27.22954444913365
17.90088572818284,5.942718638652042,44.58244672599511,16.931883173101642,24.8,87.9,25,-0.8660254037844386,0.5000000000000001,20.130008064482595,798.0652843248376,264.94093711528285,303.0957058446344,27.22954444913365,23.613083786047227,28.058668817495004,1,25.75004367017778
20.11102529268449,2.386169841720249,44.34055741547056,16.55736512864314,24.8,87.9,25,-0.8660254037844386,0.5000000000000001,22.328053163458023,891.7340716742574,105.804100869861,332.9855888823544,25.75004367017778,27.22954444913365,25.53089063511956,1,26.618025929853072
19.744210945213727,5.001861256028295,47.254526700170864,18.835353323627945,24.8,87.9,25,-0.8660254037844386,0.5000000000000001,22.10693728022227,933.0033432844078,236.36058627353927,371.8891892493426,26.618025929853072,25.75004367017778,26.532538016388173,1,29.439650520181573
18.113911957743035,3.264556929893951,50.05209628543732,17.694777192901377,24.8,87.9,25,-0.8660254037844386,0.5000000000000001,20.6165167720149,906.6392654148888,163.3979177843437,320.521636184095,29.439650520181573,26.618025929853072,27.269240040070816,1,26.495561683691943
19.699300094599387,1.0939373219683275,48.44224551984169,16.604827675876628,24.8,87.9,25,-0.8660254037844386,0.5000000000000001,22.12141237059147,954.278331751624,52.99278033410783,327.103483406203,26.495561683691943,29.439650520181573,27.517746044575535,1,26.26482942149209
22.925174381061588,4.230934208388132,55.77119620757808,19.01221387329632,24.8,87.9,25,-0.8660254037844386,0.5000000000000001,25.71373419144049,1278.5643984991282,235.96426187736856,435.8583184153565,26.26482942149209,26.495561683691943,27.400013875121875,1,30.86927966084912
18.64645167376844,1.1263062669649444,43.7502619471744,16.572686759945494,24.8,87.9,25,-0.8660254037844386,0.5000000000000001,20.83396477112716,815.7871451126978,49.27619421246046,309.0218027738257,30.86927966084912,26.26482942149209,27.87655692201106,1,26.088950538294327
18.44223321169849,5.9138588070610805,47.28831445651839,14.892215229794637,24.8,87.9,25,-0.8660254037844386,0.5000000000000001,20.806648934524404,872.1021233952454,279.6564149197551,274.6457063066807,26.088950538294327,30.86927966084912,27.741019873545184,1,29.259323891521056
20.06963467269182,6.6815038696705615,42.58102994808087,17.687580055327228,24.8,87.9,25,-0.8660254037844386,0.5000000000000001,22.19868617009586,854.5857150449325,284.5053163726604,354.9832699544076,29.259323891521056,26.088950538294327,28.739184696888174,1,26.54019357147419
18.64887210900157,5.560852474208251,48.46403224062279,18.94380767279452,24.8,87.9,25,-0.8660254037844386,0.5000000000000001,21.07207372103271,903.7995391419032,269.5013335953757,353.28064654746765,26.54019357147419,29.259323891521056,27.296156000429864,1,30.954229726535853
21.44616613419065,3.705834063952776,50.49953167116627,16.14447295037948,24.8,87.9,25,-0.8660254037844386,0.5000000000000001,23.971142717748965,1083.021345918654,187.14288468067,346.23704904278543,30.954229726535853,26.54019357147419,28.91791572984371,1,26.618276476669624
16.4256728628315,1.4293064944664553,43.01069731354319,18.557568276528976,24.8,87.9,25,-0.8660254037844386,0.5000000000000001,18.57620772850866,706.4796436745261,61.4754690017782,304.8205456399247,26.618276476669624,30.954229726535853,28.037566591559898,1,24.00729331037517
19.63490652250035,3.5578220559274154,46.93239705311164,16.206001831327445,24.8,87.9,25,-0.8660254037844386,0.5000000000000001,21.981526375155934,921.513229014718,166.97711737310345,318.20333106158387,24.00729331037517,26.618276476669624,27.19326650452689,1,28.423677552742912
23.964252506638385,1.3881641195195762,54.80255723246952,11.862807524159846,24.8,87.9,25,-0.8660254037844385,-0.5000000000000004,26.70438036826186,1313.302319528401,76.07494360803223,284.2833149466163,28.423677552742912,24.00729331037517,26.349749113262575,1,29.200781819789743
25.072482147578786,0.1879206913427091,50.42979497671031,10.92702147264432,24.8,87.9,25,-0.8660254037844385,-0.5000000000000004,27.59397189641429,1264.4001342596275,9.47680193629448,273.9675507990848,29.200781819789743,28.423677552742912,27.210584227635948,1,15.960964631918026
29.24870671974101,1.434068059172914,52.19633933146003,9.470503491961823,24.8,87.9,25,-0.8660254037844385,-0.5000000000000004,31.858523686314008,1526.675420949957,74.85310304099772,276.99997912467444,15.960964631918026,29.200781819789743,24.528474668150235,1,23.516674243239944
26.538267252310465,5.008743847774864,36.97064552652524,12.039377934547414,24.8,87.9,25,-0.8660254037844385,-0.5000000000000004,28.38679952863673,981.1368714733632,185.17649332924856,319.50422917858884,23.516674243239944,15.960964631918026,22.89280689831591,1,24.26839803704912
28.84360300395451,3.06759829555122,51.04024784792596,11.910275889823502,24.8,87.9,25,-0.8660254037844385,-0.5000000000000004,31.39561539635081,1472.18464614902,156.57097730280952,343.53526943364017,24.26839803704912,23.516674243239944,21.248678970735707,1,20.90320964639488
26.40064670398643,2.001813287049305,68.64583665255103,9.332049461338752,24.8,87.9,25,-0.8660254037844385,-0.5000000000000004,29.83293853661398,1812.294481163562,137.41614791169283,246.37214085293124,20.90320964639488,24.26839803704912,22.896093975561325,1,26.55969326934311
28.40901307964945,3.680335895883833,48.35010494774612,13.115688717805252,24.8,87.9,25,-0.8660254037844385,-0.5000000000000004,30.82651832703676,1373.578763862943,177.94462680894054,372.60377233274016,26.55969326934311,20.90320964639488,23.910433650929047,1,23.1263630032189
28.10459987535905,3.3534843884247967,42.10531737687463,11.873039850627087,24.8,87.9,25,-0.8660254037844385,-0.5000000000000004,30.20986574420278,1183.353097502064,141.1995244930204,333.68703430606706,23.1263630032189,26.55969326934311,23.52975530631897,1,23.258012508484786
28.25101603366208,3.872685487110777,42.9406442790948,11.18532154393337,24.8,87.9,25,-0.8660254037844385,-0.5000000000000004,30.398048247616817,1213.116830024487,166.29560990683686,315.9966982793275,23.258012508484786,23.1263630032189,24.31468959368227,1,26.81332593115869
27.506330476075966,3.742910546357707,47.410591406681526,11.682111368211698,24.8,87.9,25,-0.8660254037844385,-0.5000000000000004,29.876860046410044,1304.0913952983894,177.45360258512434,321.33201595235494,26.81332593115869,23.258012508484786,24.399233814287467,1,26.04139611096465
30.477702703706665,1.4597369888969716,62.339948272144845,12.221227643177397,24.8,87.9,25,-0.8660254037844385,-0.5000000000000004,33.594700117313906,1899.9784100028824,90.99992837877367,372.4749427830824,26.04139611096465,26.81332593115869,25.37091151686938,1,19.49640368337672
25.937571410784805,3.0699758235088743,38.86115472561984,12.022039265664418,24.8,87.9,25,-0.8660254037844385,-0.5000000000000004,27.8806291470658,1007.963975801322,119.30280548129056,311.8225019564298,19.49640368337672,26.04139611096465,24.117041908500028,1,24.119116200379228
26.09997428400837,4.616520954857941,43.39681122818144,11.537680427314427,24.8,87.9,25,-0.8660254037844385,-0.5000000000000004,28.269814845417446,1132.6556570635014,200.342288408914,301.1331624500133,24.119116200379228,19.49640368337672,23.218971998240207,1,24.61017389944564
28.86438312852077,1.629111946694903,56.764453101774784,9.340559731382545,24.8,87.9,25,-0.8660254037844385,-0.5000000000000004,31.70260578360952,1638.4709224105766,92.47564869570384,269.6094947214588,24.61017389944564,24.119116200379228,22.74189792773387,1,20.91940989813132
28.11310624906752,0.1,51.56778223965232,8.679044016592448,24.8,87.9,25,-0.8660254037844385,-0.5000000000000004,30.691495361050137,1449.7305411321229,5.156778223965232,243.9948865787972,20.91940989813132,24.61017389944564,23.21623333265207,1,17.872771058437202
26.422902608248595,0.5347154788839383,61.5589845310057,9.714841859259808,24.8,87.9,25,-0.8660254037844385,-0.5000000000000004,29.50085183479888,1626.5670529254453,32.916541893105666,256.69432030175864,17.872771058437202,20.91940989813132,21.13411828533806,1,25.27968573329772
11.765110929982004,7.970762558814952,51.16930035193276,17.90198877664195,24.8,87.9,25,-0.5000000000000004,0.8660254037844384,14.323575947578645,602.0124948500561,407.8583434059424,210.61888382448527,25.27968573329772,17.872771058437202,21.35728889662209,1,12.00340869813282
13.078738259544334,4.476409266493764,54.33249624167711,17.021684593158838,24.8,87.9,25,-0.5000000000000004,0.8660254037844384,15.79536307162819,710.6004973325712,243.21448964798105,222.6221575304428,12.00340869813282,25.27968573329772,18.38528849662259,1,12.398029692208633
19.57096457813533,8.539365292688533,44.661898439155046,20.230714130574423,24.8,87.9,25,-0.5000000000000004,0.8660254037844384,21.80405950009309,874.0764323449811,381.3842654369008,395.934589639854,12.398029692208633,12.00340869813282,16.560374707879728,1,12.327352453881256
16.12257361080931,1.937110822912248,54.88929803124609,18.16156076161037,24.8,87.9,25,-0.5000000000000004,0.8660254037844384,18.86703851237161,884.9567479544157,106.32665327838276,292.81110026624924,12.327352453881256,12.398029692208633,12.242930281407576,1,13.009447863482675
18.02343020841391,7.613366023192388,45.03426098842892,19.278553589206407,24.8,87.9,25,-0.5000000000000004,0.8660254037844384,20.27514325783536,811.6718599124458,342.8623124888832,347.46566513422914,13.009447863482675,12.327352453881256,12.578276669857528,1,13.105146250905069
18.26473523734626,4.525102560315135,44.446022443209856,18.891681466613147,24.8,87.9,25,-0.5000000000000004,0.8660254037844384,20.48703635950676,811.7948322783778,201.12280995359288,345.05156017597045,13.105146250905069,13.009447863482675,12.813982189423008,1,15.79216693676602
16.466381300986907,6.39907448219333,68.59965899661104,20.80346715105896,24.8,87.9,25,-0.5000000000000004,0.8660254037844384,19.89636425081746,1129.5881421558745,438.9743273723778,342.55782249189264,15.79216693676602,13.105146250905069,13.968920350384595,1,12.013959095794055
17.430082320600885,5.172366136327832,52.36441770922326,20.293958479139075,24.8,87.9,25,-0.5000000000000004,0.8660254037844384,20.048303206062048,912.7161113420924,270.8479409077118,353.7253669022504,12.013959095794055,15.79216693676602,13.637090761155056,1,13.169082329191982
14.586828304647725,4.805845464571824,64.84699610523788,21.7236738407694,24.8,87.9,25,-0.5000000000000004,0.8660254037844384,17.82917810990962,945.9119982592646,311.6446421234642,316.87950046147046,13.169082329191982,12.013959095794055,13.658402787250694,1,14.934990323652364
15.559437264733733,5.293462243566003,54.50588640111896,19.91531469983573,24.8,87.9,25,-0.5000000000000004,0.8660254037844384,18.28473158478968,848.0809200169139,288.5248517164208,309.87108967952355,14.934990323652364,13.169082329191982,13.372677249546141,1,13.774210788898156
15.966987868569554,9.184668167818543,64.97513372427775,19.103146408657583,24.8,87.9,25,-0.5000000000000004,0.8660254037844384,19.21574455478344,1037.4571719342273,596.775042417127,305.0197069585437,13.774210788898156,14.934990323652364,13.959427813914175,1,14.887067141306517
11.897742732520356,4.607221673993161,54.751528537032776,17.831627297233883,24.8,87.9,25,-0.5000000000000004,0.8660254037844384,14.635319159371996,651.4196007458626,252.25242896007245,212.15611408467603,14.887067141306517,13.774210788898156,14.532089417952355,1,12.03909393958052
14.634131994507031,7.266467761062122,53.44242163106654,19.099870157043885,24.8,87.9,25,-0.5000000000000004,0.8660254037844384,17.30625307606036,782.0834522551255,388.337633855234,279.510020956126,12.03909393958052,14.887067141306517,13.566790623261738,1,14.208703848983836
12.43059016862746,6.316571852090405,39.70196019664178,19.09320135357843,24.8,87.9,25,-0.5000000000000004,0.8660254037844384,14.415688178459549,493.518796095614,250.78028425092108,237.3397610334165,14.208703848983836,12.03909393958052,13.711621643290298,1,12.498560974736158
13.033104618770809,0.1121459390864227,51.390729132728005,20.02376362257301,24.8,87.9,25,-0.5000000000000004,0.8660254037844384,15.60264107540721,669.7807492217569,5.763261578925763,260.9718061545312,12.498560974736158,14.208703848983836,12.915452921100178,1,8.172771838669656
13.042856151362958,6.419643557986038,69.03946457317792,19.22375486888179,24.8,87.9,25,-0.5000000000000004,0.8660254037844384,16.494829380021855,900.4718051950787,443.2087539940069,250.73266944388848,8.172771838669656,12.498560974736158,11.626678887463223,1,12.312758113476573
31.319278745407065,3.800426742619083,52.64826441868655,8.696448699506268,24.8,87.9,25,-0.4999999999999997,-0.8660254037844388,33.95169196634139,1648.9056687907407,200.0858720492571,272.36650091496955,12.312758113476573,8.172771838669656,10.994696975627468,1,17.314867904727716
29.20866593869734,0.1,51.6922787110138,9.194268337167696,24.8,87.9,25,-0.4999999999999997,-0.8660254037844388,31.79327987424803,1509.8625004800383,5.169227871101381,268.5523124110735,17.314867904727716,12.312758113476573,12.600132618957987,1,17.205790840608095
26.865988225164067,3.1307320331684645,59.57645953371316,8.710561051794402,24.8,87.9,25,-0.4999999999999997,-0.8660254037844388,29.844811201849726,1600.5804603297013,186.51793028496056,234.0178306520812,17.205790840608095,17.314867904727716,15.611138952937468,1,27.753872625352056
28.356231165005543,0.1,57.43054876483901,9.886191334982584,24.8,87.9,25,-0.4999999999999997,-0.8660254037844388,31.22775860324749,1628.5139167088985,5.743054876483901,280.3351268362409,27.753872625352056,17.205790840608095,20.758177123562632,1,17.06255286005148
30.27862606809253,8.072740526339615,57.939853323794445,8.333553048034771,24.8,87.9,25,-0.4999999999999997,-0.8660254037844388,33.17561873428226,1754.3391532313,467.7334020171685,252.3285365600576,17.06255286005148,27.753872625352056,20.67407210867055,1,17.49368715680313
31.64510546358884,1.6329813812179674,55.30590395968024,8.0,24.8,87.9,25,-0.4999999999999997,-0.8660254037844388,34.41040066157285,1750.161163563197,90.3135114375869,253.1608437087108,17.49368715680313,17.06255286005148,20.77003754740223,1,16.89843856998178
28.45985563271852,2.266213633959916,58.65824323692193,10.987581060513518,24.8,87.9,25,-0.4999999999999997,-0.8660254037844388,31.392767794564616,1669.4051341916856,132.93211056764952,312.7049707350069,16.89843856998178,17.49368715680313,17.15155952894547,1,20.81071074880965
30.85461581447376,0.1,61.78539370133336,8.0,24.8,87.9,25,-0.4999999999999997,-0.8660254037844388,33.94388549954043,1906.364585600648,6.178539370133336,246.83692651579008,20.81071074880965,16.89843856998178,18.40094549186486,1,14.50100799028167
30.927931477756253,0.1,57.94119434393138,8.0,24.8,87.9,25,-0.4999999999999997,-0.8660254037844388,33.82499119495282,1792.001288408468,5.794119434393139,247.42345182205003,14.50100799028167,20.81071074880965,17.403385769691038,1,12.29674829077037
31.18726239871913,0.4935910018128102,62.1628434461008,8.0,24.8,87.9,25,-0.4999999999999997,-0.8660254037844388,34.29540457102417,1938.688910004044,30.683020172093777,249.49809918975305,12.29674829077037,14.50100799028167,15.869489009953904,1,11.504836535056596
31.75898378139584,1.0031419719417252,54.06587267363803,8.0,24.8,87.9,25,-0.4999999999999997,-0.8660254037844388,34.462277415077736,1717.0771733690826,54.235746128583486,254.0718702511667,11.504836535056596,12.29674829077037,12.767530938702885,1,15.27157429156919
28.49236544878031,1.6411732707722932,64.43780166688569,9.095009023723405,24.8,87.9,25,-0.4999999999999997,-0.8660254037844388,31.7142555321246,1835.985393808932,105.75359772301913,259.13832086388186,15.27157429156919,11.504836535056596,13.024386372465392,1,24.88432409953959
26.89385583693216,3.603380856176326,51.67044476091797,8.0,24.8,87.9,25,-0.4999999999999997,-0.8660254037844388,29.47737807497805,1389.6174924302943,186.18829148160813,215.1508466954573,24.88432409953959,15.27157429156919,17.220244975388464,1,21.76927206576597
30.86154519420767,5.144234975451555,47.40866783340131,11.424892374166706,24.8,87.9,25,-0.4999999999999997,-0.8660254037844388,33.23197858587774,1463.104744937694,243.8813272081481,352.5898323443044,21.76927206576597,24.88432409953959,20.641723485624922,1,17.657687336219105
26.11258811452073,0.3814524995737911,51.69115573262685,11.635379063303652,24.8,87.9,25,-0.4999999999999997,-0.8660254037844388,28.69714590115208,1349.7898588096318,19.717720560068614,303.8298610363663,17.657687336219105,21.76927206576597,21.437094500508227,1,17.456167190932042
30.77918309675597,4.49671636842325,44.02661042215628,8.0,24.8,87.9,25,-0.4999999999999997,-0.8660254037844388,32.980513617863785,1355.1031033130928,197.97517973150383,246.2334647740477,17.456167190932042,17.657687336219105,18.961042197639046,1,18.01795568754496
16.386957823827988,6.337295063721383,73.47949107237298,20.925508924365047,24.8,87.9,25,-2.4492935982947064e-16,1.0,20.06093237744664,1204.1053211193212,465.6612160577087,342.9054321857062,18.01795568754496,17.456167190932042,17.71060340489871,1,12.069634604844786
13.156280373749372,5.1134055993966445,66.65813863519155,20.104016505554377,24.8,87.9,25,-2.4492935982947064e-16,1.0,16.48918730550895,876.9731610768353,340.8500993425463,264.4940777855585,12.069634604844786,18.01795568754496,15.847919161107269,1,11.699244920256351
13.994050458897314,7.648294774221761,67.35379303210794,19.64838829952552,24.8,87.9,25,-2.4492935982947064e-16,1.0,17.361740110502712,942.552378289445,515.1416632714853,274.96053729956776,11.699244920256351,12.069634604844786,13.928945070882039,1,12.369465225564303
14.013754355200456,10.00858435049727,54.947944845765946,21.219807780121965,24.8,87.9,25,-2.4492935982947064e-16,1.0,16.761151597488755,770.027001391667,549.9511408753201,297.3691736952007,12.369465225564303,11.699244920256351,12.046114916888486,1,10.332703995766142
13.580840290501657,4.604310522208973,63.26386359660504,19.53727581731627,24.8,87.9,25,-2.4492935982947064e-16,1.0,16.744033470331907,859.1764276655748,291.2864728334418,265.3326225864525,10.332703995766142,12.369465225564303,11.467138047195606,1,12.769531459817818
13.399922871204708,6.994271194328932,74.89950507747311,19.31404751736981,24.8,87.9,25,-2.4492935982947064e-16,1.0,17.144898125078363,1003.647591129545,523.8674508328637,258.80674706353824,12.769531459817818,10.332703995766142,11.823900227049428,1,12.057740031912056
15.381271182530048,9.003941505094609,56.739808771779686,20.596890574920213,24.8,87.9,25,-2.4492935982947064e-16,1.0,18.21826162111904,872.7303855636405,510.8819191913583,316.806359449745,12.057740031912056,12.769531459817818,11.719991829165345,1,13.240036992664482
15.670116058168237,7.753632257925198,68.75414071846821,17.69664181518934,24.8,87.9,25,-2.4492935982947064e-16,1.0,19.107823094091646,1077.3853645380273,533.0943233406434,277.30843108385,13.240036992664482,12.057740031912056,12.68910282813146,1,15.22511750222986
16.12576172034871,5.361691636555533,80.89648889359553,19.20354365328205,24.8,87.9,25,-2.4492935982947064e-16,1.0,20.170586165028485,1304.5175039109574,433.7420279274987,309.6717691391411,15.22511750222986,13.240036992664482,13.507631508935473,1,14.210924137739624
16.749034148265046,5.821789889863108,55.374393156886846,18.436933381635345,24.8,87.9,25,-2.4492935982947064e-16,1.0,19.51775380610939,927.467601924152,322.3780822380687,308.80082679829815,14.210924137739624,15.22511750222986,14.22535954421133,1,11.577947485323309
16.902898554116174,6.388306302823539,51.36902730538625,18.613301017805668,24.8,87.9,25,-2.4492935982947064e-16,1.0,19.471349919385485,868.2854573665675,328.16108090491343,314.6187388611965,11.577947485323309,14.210924137739624,13.671329708430937,1,13.308106399767995
13.126987250420807,5.785761230621869,67.33754182661099,19.71900647239044,24.8,87.9,25,-2.4492935982947064e-16,1.0,16.493864341751358,883.9390530326003,389.5989388657844,258.8511465540347,13.308106399767995,11.577947485323309,13.032326007610317,1,13.057244051396443
15.183504968896743,7.625801136412996,64.07016765502433,20.32206977475579,24.8,87.9,25,-2.4492935982947064e-16,1.0,18.38701335164796,972.8097089481092,488.5863573138557,308.56024740327086,13.057244051396443,13.308106399767995,12.647765978829256,1,12.628122611820157
12.26336992233438,11.095872342021256,72.29090177739778,20.15863068690722,24.8,87.9,25,-2.4492935982947064e-16,1.0,15.877915011204268,886.530070515369,802.1306176116033,247.21274524126488,12.628122611820157,13.057244051396443,12.997824354328207,1,11.418768076171496
17.400523499477657,6.194997619388844,61.70858714307198,21.73085110138362,24.8,87.9,25,-2.4492935982947064e-16,1.0,20.485952856631258,1073.7617207025887,382.2845504471799,378.1281852532756,11.418768076171496,12.628122611820157,12.368044913129372,1,12.968094296172838
15.4505282344951,8.506765853793361,54.84535602762641,22.0,24.8,87.9,25,-2.4492935982947064e-16,1.0,18.19279603587642,847.3897218357778,466.5566018949522,339.91162115889216,12.968094296172838,11.418768076171496,12.338328328054837,1,13.886786707450591
30.988807962341905,4.216162967625383,56.266392990885485,8.0,24.8,87.9,25,1.2246467991473532e-16,-1.0,33.80212761188618,1743.6284471282108,237.2282824500278,247.91046369873524,13.886786707450591,12.968094296172838,12.757883026598316,1,18.820546296924093
31.320036451705576,3.882245128775448,73.9391905272197,10.17274884483939,24.8,87.9,25,1.2246467991473532e-16,-1.0,35.01699597806656,2315.7781425221247,287.0500622498984,318.61086463441546,18.820546296924093,13.886786707450591,15.225142433515847,1,17.617434408026202
33.0946354132429,5.217859641295904,63.164874047455775,8.0,24.8,87.9,25,1.2246467991473532e-16,-1.0,36.25287911561568,2090.4184775239573,329.5854470397585,264.7570833059432,17.617434408026202,18.820546296924093,16.774922470800302,1,20.89524528758273
32.36665798562214,2.4600520172816345,73.5838243821281,11.54580874192904,24.8,87.9,25,1.2246467991473532e-16,-1.0,36.04584920472855,2381.662477050424,181.02003561055176,373.6992427174235,20.89524528758273,17.617434408026202,19.111075330844347,1,19.261200118975683
31.17178601258666,0.1,63.16160295539845,8.0,24.8,87.9,25,1.2246467991473532e-16,-1.0,34.32986616035659,1968.8599715376413,6.316160295539845,249.3742881006933,19.261200118975683,20.89524528758273,19.25795993819488,1,13.154808910194262
29.20930735527396,2.0624779781199165,57.033476841678166,8.976704362735486,24.8,87.9,25,1.2246467991473532e-16,-1.0,32.06098119735786,1665.9083546084769,117.63029000157348,262.20331676856944,13.154808910194262,19.261200118975683,17.77041810558423,1,24.312187448985387
30.597016932104964,2.865637025981441,69.79035511649528,9.002510733077122,24.8,87.9,25,1.2246467991473532e-16,-1.0,34.08653468792973,2135.3766771970245,199.99382567822207,275.44997333141737,24.312187448985387,13.154808910194262,18.909398826051785,1,17.62501765403966
28.648810788750296,1.0885399718871482,69.77782574602708,8.0,24.8,87.9,25,1.2246467991473532e-16,-1.0,32.13770207605165,1999.0517270483188,75.95595247592664,229.1904863100024,17.62501765403966,24.312187448985387,18.364004671073108,1,25.77318314928374
30.29717152857253,6.0055063741045736,58.45257067246399,10.298551587017174,24.8,87.9,25,1.2246467991473532e-16,-1.0,33.21980006219573,1770.9475599496498,351.03728575628054,312.0169839277122,25.77318314928374,17.62501765403966,22.570129417436267,1,19.182263034409804
31.390049968056253,1.3621155186651772,55.95507732049979,8.934066835850404,24.8,87.9,25,1.2246467991473532e-16,-1.0,34.187803834081244,1756.4326730569396,76.21727916636267,280.4408043952984,19.182263034409804,25.77318314928374,20.86015461257774,1,16.7266272179315
30.80907150582185,0.1,64.35520200562591,8.0,24.8,87.9,25,1.2246467991473532e-16,-1.0,34.02683160610315,1982.7240203629383,6.435520200562592,246.4725720465748,16.7266272179315,19.182263034409804,20.56069113387502,1,11.445914330156723
28.79027441387496,3.3197625104680912,74.74367321844447,8.0,24.8,87.9,25,1.2246467991473532e-16,-1.0,32.52745807479718,2151.890862660013,248.13124424526984,230.3221953109997,11.445914330156723,16.7266272179315,15.784934860832683,1,24.578635070012805
30.908975509397514,2.0302069896442707,60.44133657408993,8.494263103359513,24.8,87.9,25,1.2246467991473532e-16,-1.0,33.93104233810201,1868.179791923798,122.70842397615928,262.5489702321181,24.578635070012805,11.445914330156723,17.583725539367016,1,18.834836905862826
30.62620768367603,0.1,74.64795613237453,9.166111029146768,24.8,87.9,25,1.2246467991473532e-16,-1.0,34.35860549029476,2286.18380767204,7.464795613237453,280.72322003028233,18.834836905862826,24.578635070012805,18.28646210201079,1,11.46804653826596
31.5155050802855,0.3951585054771089,67.67341133795918,8.0,24.8,87.9,25,1.2246467991473532e-16,-1.0,34.89917564718346,2132.7617388217027,26.741724084845583,252.124040642284,11.46804653826596,18.834836905862826,18.29383950471387,1,11.56164332607919
32.42921958127324,0.1,74.27259251964718,8.0,24.8,87.9,25,1.2246467991473532e-16,-1.0,36.1428492072556,2408.6022116900704,7.427259251964718,259.4337566501859,11.56164332607919,11.46804653826596,13.954842256736,1,11.765725253209492
30.807205691515964,5.781415871716666,78.66218292921509,11.315586227314672,24.8,87.9,25,0.4999999999999999,-0.8660254037844387,34.74031483797672,2423.3620496439853,454.77879289084393,348.6015924249682,11.765725253209492,11.56164332607919,11.598471705851557,1,21.36338240048577
27.6951543503782,6.695166104706315,73.75281457650667,8.0,24.8,87.9,25,0.4999999999999999,-0.8660254037844387,31.382795079203525,2042.5955834711751,493.78734427931727,221.5612348030256,21.36338240048577,11.765725253209492,14.89691699325816,1,29.545681726887093
31.03115578075456,4.904721297493431,78.12556736742515,8.0,24.8,87.9,25,0.4999999999999999,-0.8660254037844387,34.937434149125814,2424.3266514384045,383.1841341457679,248.24924624603648,29.545681726887093,21.36338240048577,20.891596460194126,1,19.85254220331167
31.666515359054056,5.9981245392259215,68.89371116657135,8.86075433046477,24.8,87.9,25,0.4999999999999999,-0.8660254037844387,35.111200917382625,2181.6237627984656,413.2330595465545,280.5892130984674,19.85254220331167,29.545681726887093,23.587202110228187,1,19.85277363114627
31.02597090091024,3.713631277585042,73.9963659199768,9.295666863532404,24.8,87.9,25,0.4999999999999999,-0.8660254037844387,34.72578919690908,2295.8090958063062,274.7952189080537,288.4070896125119,19.85277363114627,19.85254220331167,23.083665853781685,1,21.20628571658949
27.900411325690435,4.394917187499156,67.5966029915233,9.186923210804844,24.8,87.9,25,0.4999999999999999,-0.8660254037844387,31.2802414752666,1885.9730276828968,297.0814723040026,256.3189363989878,21.20628571658949,19.85277363114627,20.303867183682485,1,33.781712701213976
31.722335624049776,6.773292947249882,80.21217593071604,8.0,24.8,87.9,25,0.4999999999999999,-0.8660254037844387,35.73294442058558,2544.517566009501,543.3005655150857,253.7786849923982,33.781712701213976,21.20628571658949,24.946924016316586,1,18.183230080175584
27.744335429484885,6.004037866365455,76.37471471834824,9.633724407270543,24.8,87.9,25,0.4999999999999999,-0.8660254037844387,31.5630711654023,2118.96570347707,458.5566792018219,267.2812813905294,18.183230080175584,33.781712701213976,24.390409499326356,1,30.96366198482653
30.42682042155897,6.313719812861945,76.15910266477513,8.839702142220801,24.8,87.9,25,0.4999999999999999,-0.8660254037844387,34.23477555479772,2317.279340248186,480.8472354243777,268.96402966142244,30.96366198482653,18.183230080175584,27.64286825540537,1,20.94913290585186
28.996592092039187,3.9218674415590473,74.40841947513286,8.126358363053933,24.8,87.9,25,0.4999999999999999,-0.8660254037844387,32.71701306579583,2157.5905877337723,291.8199577173917,235.6366986472062,20.94913290585186,30.96366198482653,23.36534165695133,1,29.18232124842674
30.29587226292052,9.609610192653433,77.79840019654326,8.0,24.8,87.9,25,0.4999999999999999,-0.8660254037844387,34.18579227274768,2356.970394614045,747.6122995008329,242.3669781033641,29.18232124842674,20.94913290585186,27.03170537970172,1,19.36939376459265
28.71245270892388,3.145297458394481,70.61384964059938,10.05384844496383,24.8,87.9,25,0.4999999999999999,-0.8660254037844387,32.24314519095384,2027.4968184007712,222.10156180202728,288.6706480187118,19.36939376459265,29.18232124842674,23.166949306290423,1,29.376064369118364
25.759977351278334,7.672936164214654,72.70041984479715,9.234840933897882,24.8,87.9,25,0.4999999999999999,-0.8660254037844387,29.39499834351819,1872.7611686304008,557.8256805807328,237.8892932998675,29.376064369118364,19.36939376459265,25.97592646071259,1,27.41498868848297
30.57631728671863,1.9281600850611031,75.6816755970712,8.0,24.8,87.9,25,0.4999999999999999,-0.8660254037844387,34.360401066572194,2314.06692584656,145.92638605681563,244.61053829374904,27.41498868848297,29.376064369118364,25.386815607398002,1,21.33852696044415
30.072276952843,3.799124924890134,67.38465231982211,8.920068355071662,24.8,87.9,25,0.4999999999999999,-0.8660254037844387,33.44150956883411,2026.409926932725,256.002712183292,268.2467660120057,21.33852696044415,27.41498868848297,26.043193339348502,1,24.217395702833475
31.148635569453955,4.537488786629306,70.30774984348852,9.140172183729558,24.8,87.9,25,0.4999999999999999,-0.8660254037844387,34.664023061628384,2189.9904775831574,319.0206265279675,284.7038923930521,24.217395702833475,21.33852696044415,24.323637117253536,1,23.45718161235775
20.063131749292417,14.117614590877928,79.85378447308946,18.92135749462605,24.8,87.9,25,0.4999999999999999,0.8660254037844387,24.05582097294689,1602.116998563195,1127.344952814109,379.621688290144,23.45718161235775,24.217395702833475,23.004368091878465,1,12.175767480705328
17.438935416125446,5.165866056466136,84.6955518830912,19.58802821955741,24.8,87.9,25,0.4999999999999999,0.8660254037844387,21.673713010280007,1477.0002593223294,437.5258766065273,341.5943590501044,12.175767480705328,23.45718161235775,19.950114931965526,1,15.046322466569595
14.628321663049984,8.251419223146002,70.62655932330188,18.78866975721755,24.8,87.9,25,0.4999999999999999,0.8660254037844387,18.159649629215075,1033.1480277357416,582.7693492649546,274.8467048293976,15.046322466569595,12.175767480705328,16.893090519877564,1,13.959805587819025
14.504265438551696,6.516695374234686,67.67046467615006,17.948419110360966,24.8,87.9,25,0.4999999999999999,0.8660254037844387,17.8877886723592,981.5103820130169,440.98780412737887,260.3286349790493,13.959805587819025,15.046322466569595,13.72729851169799,1,12.758094524491332
15.513870909060872,7.338257141875536,81.32297516841369,19.706229364559967,24.8,87.9,25,0.4999999999999999,0.8660254037844387,19.58001966748156,1261.634138703533,596.7689033281787,305.719898466128,12.758094524491332,13.959805587819025,13.921407526293324,1,12.353275398306344
20.92522974241553,8.763697129588598,63.9790599939661,18.34899141645021,24.8,87.9,25,0.4999999999999999,0.8660254037844387,24.12418274211384,1338.7765290775271,560.6931044228975,383.95686093083134,12.353275398306344,12.758094524491332,13.023725170205575,1,13.77857947923862
15.98615000710134,8.013822948483995,81.78744705764228,15.825818421729725,24.8,87.9,25,0.4999999999999999,0.8660254037844387,20.07552235998345,1307.4663973613287,655.4301201284535,252.9939072749192,13.77857947923862,12.353275398306344,12.963316467345438,1,13.217251886218174
19.69040946919071,7.461685688082458,68.21892857104731,18.21801908981704,24.8,87.9,25,0.4999999999999999,0.8660254037844387,23.10135589774308,1343.2586371133946,509.0282029749032,358.72025559603054,13.217251886218174,13.77857947923862,13.116368921254386,1,14.497835869102865
17.585374129698454,9.12271506689441,66.86653497138802,18.83003171219533,24.8,87.9,25,0.4999999999999999,0.8660254037844387,20.92870087826785,1175.873034228424,610.0043460545035,331.1331525330412,14.497835869102865,13.217251886218174,13.831222411519894,1,12.102722009502996
15.401521207381586,8.582453147846447,87.4332833657182,20.477116387534966,24.8,87.9,25,0.4999999999999999,0.8660254037844387,19.77318537566749,1346.6055679881124,750.3920580486586,315.3787423086408,12.102722009502996,14.497835869102865,13.272603254941352,1,13.218960316721658
15.097390927334637,7.193934843234187,68.84003147042034,17.25197742633179,24.8,87.9,25,0.4999999999999999,0.8660254037844387,18.53939250085565,1039.304866558955,495.23070100439486,260.4598474748836,13.218960316721658,12.102722009502996,13.273172731775846,1,13.762695823107835
19.197574306740886,7.349791315208597,73.05292816499986,18.74639512829431,24.8,87.9,25,0.4999999999999999,0.8660254037844387,22.85022071499088,1402.439016772589,536.9237769776735,359.8853134589553,13.762695823107835,13.218960316721658,13.028126049777503,1,13.458817590621262
11.595334303074544,3.6563771735970727,70.1450785771426,19.88268230178696,24.8,87.9,25,0.4999999999999999,0.8660254037844387,15.102588231931676,813.355635817401,256.4768641496372,230.5463481310435,13.458817590621262,13.762695823107835,13.48015791015026,1,11.201392739602236
19.22803288484885,9.868676850097645,81.95323673997517,18.512843133670827,24.8,87.9,25,0.4999999999999999,0.8660254037844387,23.32569472184762,1575.799531056046,808.7700102063646,355.965556566271,11.201392739602236,13.458817590621262,12.807635384443785,1,14.14160458972832
18.599210125033828,6.205145523935734,79.34783502936074,19.4958680732847,24.8,87.9,25,0.4999999999999999,0.8660254037844387,22.566601876501863,1475.8070566776,492.3648633664288,362.6077468649606,14.14160458972832,11.201392739602236,12.933938306650612,1,13.43781196391521
12.332313370333647,7.120735928501187,76.52339111940046,19.869980504634185,24.8,87.9,25,0.4999999999999999,0.8660254037844387,16.15848292630367,943.7104394450532,544.9028605146635,245.04282624556907,13.43781196391521,14.14160458972832,12.926936431081929,1,14.172155675950608
20.0690112969611,9.673088330614878,79.75516707123123,19.692817033868483,24.8,87.9,25,0.8660254037844386,0.5000000000000001,24.05676965052266,1600.6073489435596,771.4787759029667,395.2153675216946,14.172155675950608,13.43781196391521,13.917190743198054,1,14.44038822692761
18.261445721507595,8.184554413551707,68.11062621250221,17.612979217221007,24.8,87.9,25,0.8660254037844386,0.5000000000000001,21.666977032132703,1243.7985036375017,557.4551263773055,321.63846396932274,14.44038822692761,14.172155675950608,14.016785288931148,1,13.698608071074108
22.346904180597075,10.5786995824479,71.92385818026798,18.24459862681876,24.8,87.9,25,0.8660254037844386,0.5000000000000001,25.943097089610475,1607.2755670533018,760.8608884996429,407.71029732697184,13.698608071074108,14.44038822692761,14.103717324650782,1,13.560033664224411
18.86564341990129,6.4662575006457015,87.77692460138972,19.23086923300389,24.8,87.9,25,0.8660254037844386,0.5000000000000001,23.25448964997077,1655.9681600253796,567.5881970873485,362.802721604602,13.560033664224411,13.698608071074108,13.899676654075384,1,12.751990189445747
20.14122599443906,9.834146799932928,79.67004101022218,16.081644898238373,24.8,87.9,25,0.8660254037844386,0.5000000000000001,24.12472804495017,1604.652300973113,783.4868788512015,323.90404425773704,12.751990189445747,13.560033664224411,13.336877308248097,1,12.877474777883185
21.0427665908588,12.074663024607055,69.6326415777851,14.180113422291432,24.8,87.9,25,0.8660254037844386,0.5000000000000001,24.52439866974805,1465.2634238262615,840.7906825649975,298.3888169771826,12.877474777883185,12.751990189445747,13.063166210517787,1,14.046811349735751
17.786599410469407,8.32034486342615,91.92113972710364,16.26214632874069,24.8,87.9,25,0.8660254037844386,0.5000000000000001,22.38265639682459,1634.9644896797774,764.8155827686842,289.2482823037464,14.046811349735751,12.877474777883185,13.225425439021569,1,11.960819227272106
16.820733925315224,6.3282536626117984,79.35644328696853,14.891649471232038,24.8,87.9,25,0.8660254037844386,0.5000000000000001,20.78855608966365,1334.833617789465,502.18770288260407,250.48847346465524,11.960819227272106,14.046811349735751,12.961701784963687,1,11.723030262168267
18.92138542474473,7.628783910063739,84.99138780823704,19.147050172746773,24.8,87.9,25,0.8660254037844386,0.5000000000000001,23.17095481515659,1608.1548065036036,648.3809318054662,362.2887160654669,11.723030262168267,11.960819227272106,12.57688694639205,1,12.6278048588475
19.82973100072382,8.824354539103417,82.66862542483649,17.83720927177776,24.8,87.9,25,0.8660254037844386,0.5000000000000001,23.963162271965647,1639.2966043741058,729.4972600090961,353.7070616629698,12.6278048588475,11.723030262168267,12.103884782762632,1,14.345836659042943
18.087758345051625,8.260630719095147,87.08074380237328,16.16386542033752,24.8,87.9,25,0.8660254037844386,0.5000000000000001,22.44179553517029,1575.09545040468,719.341867295539,292.36809164500136,14.345836659042943,12.6278048588475,12.898890593352911,1,13.643915431023508
22.808273179146013,11.149695309591332,95.0,16.761432184399922,24.8,87.9,25,0.8660254037844386,0.5000000000000001,27.558273179146013,2166.785952018872,1059.2210544111765,382.29932413552353,13.643915431023508,14.345836659042943,13.539185649637991,1,10.98530699450874
13.50499031454953,6.898317126563944,78.11052522354939,19.08250666731267,24.8,87.9,25,0.8660254037844386,0.5000000000000001,17.410516575727,1054.8818866084114,538.8311739145157,257.70906771938445,10.98530699450874,13.643915431023508,12.99168636152507,1,12.415377812520417
17.22151834354335,9.808378595342711,89.32888241592711,19.20900601362647,24.8,87.9,25,0.8660254037844386,0.5000000000000001,21.687962464339705,1538.378987134116,876.1714982342654,330.80824942490284,12.415377812520417,10.98530699450874,12.348200079350896,1,12.401479147073475
19.52804016266734,10.44248447908074,88.18044489792719,17.433085494237535,24.8,87.9,25,0.8660254037844386,0.5000000000000001,23.9370624075637,1721.9912695285966,920.822927205039,340.433993690684,12.401479147073475,12.415377812520417,11.934054651367552,1,12.68822872630381
17.980386613618236,7.966659502278888,62.41388924838485,16.01262738149923,24.8,87.9,25,0.8660254037844386,0.5000000000000001,21.10108107603748,1122.22585874551,497.23020385482727,287.91323101916555,12.68822872630381,12.401479147073475,12.501695228632576,1,13.599774816986733
28.677881000939223,4.541950762213717,77.85409404412053,9.34976865054246,24.8,87.9,25,0.8660254037844387,-0.4999999999999998,32.57058570314525,2232.6904444332195,353.60946178515167,268.1315527465688,13.599774816986733,12.68822872630381,12.896494230121347,1,30.74284871829781
25.741473212614423,8.843912555140562,78.0340963712704,8.438963063610583,24.8,87.9,25,0.8660254037844387,-0.4999999999999998,29.643178031177943,2008.7126014116293,690.1267246269268,217.2313416441744,30.74284871829781,13.599774816986733,19.010284087196126,1,31.58452117432332
24.75491038751117,3.941451493279036,90.4617998104368,11.407242966238474,24.8,87.9,25,0.8660254037844387,-0.4999999999999998,29.278000378033013,2239.373747800338,356.55079594755534,282.38527739780056,31.58452117432332,30.74284871829781,25.30904823653596,1,28.72644493865032
27.151910535832176,7.261821972027008,86.17849969713403,9.143506366509056,24.8,87.9,25,0.8660254037844387,-0.4999999999999998,31.46083552068888,2339.9109138888234,625.8129226169707,248.26366684726585,28.72644493865032,31.58452117432332,30.351271610423822,1,28.61459665874484
24.29785126758396,3.131541221820423,86.17543656943671,11.820897196066952,24.8,87.9,25,0.8660254037844387,-0.4999999999999998,28.60662309605579,2093.877940683289,269.8619319255622,287.2224019194351,28.61459665874484,28.72644493865032,29.6418542572395,1,29.37611395686529
21.728504521966244,5.783208148501885,84.94307745843346,12.386405209306746,24.8,87.9,25,0.8660254037844387,-0.4999999999999998,25.975658394887915,1845.6860426653004,491.2434977164392,269.1380616013279,29.37611395686529,28.61459665874484,28.905718518086825,1,29.46422002851638
25.75130922057356,5.407406419995864,77.48255075938307,8.0,24.8,87.9,25,0.8660254037844387,-0.4999999999999998,29.62543675854271,1995.27712380366,418.97964241394345,206.01047376458845,29.46422002851638,29.37611395686529,29.151643548042177,1,25.30071437383085
28.02158417705519,7.837618306555678,77.05783164487168,12.281787840599923,24.8,87.9,25,0.8660254037844387,-0.4999999999999998,31.87447575929877,2159.282515938119,603.9498719633317,344.15515182010364,25.30071437383085,29.46422002851638,28.04701611973751,1,30.648874651081908
27.773617041378404,7.958417985679497,95.0,12.535564319160477,24.8,87.9,25,0.8660254037844387,-0.4999999999999998,32.5236170413784,2638.4936189309483,756.0497086395523,348.1579627979305,30.648874651081908,25.30071437383085,28.471269684476386,1,27.188252613919826
27.77264663562312,5.36751469333532,95.0,13.359529587822289,24.8,87.9,25,0.8660254037844387,-0.4999999999999998,32.52264663562312,2638.4014303841964,509.9138958668554,371.0294944607402,27.188252613919826,30.648874651081908,27.71261387961087,1,29.93910753710201
28.1462556264824,2.2047241514393408,79.44347069606908,11.451661008787616,24.8,87.9,25,0.8660254037844387,-0.4999999999999998,32.11842916128585,2236.036234066524,175.15093851778704,322.3213781011576,29.93910753710201,27.188252613919826,29.258744934034585,1,26.993912941198506
27.43355112752526,3.581852080041875,77.6095734617792,9.744106353425453,24.8,87.9,25,0.8660254037844387,-0.4999999999999998,31.31402980061421,2129.1062015491475,277.98601213523654,267.3154398387409,26.993912941198506,29.93910753710201,28.040424364073456,1,25.205739968660595
28.53641443326348,6.207250146220139,86.3866571930855,16.88935655965449,24.8,87.9,25,0.8660254037844387,-0.4999999999999998,32.85574729291775,2465.165451166149,536.223590493249,481.9616782974576,25.205739968660595,26.993912941198506,27.37958681565371,1,26.32555604748335
28.99314102115889,4.843466376851167,87.44434643729537,10.714245341003284,24.8,87.9,25,0.8660254037844387,-0.4999999999999998,33.365358343023665,2535.2862677595776,423.53375181476525,310.63962610700287,26.32555604748335,25.205739968660595,26.17506965244749,1,25.10290661074
24.73959255065215,10.599810486464406,94.45166051771736,11.903177480588727,24.8,87.9,25,0.8660254037844387,-0.4999999999999998,29.46217557653802,2336.6955969408464,1001.1697016196766,294.4797609278633,25.10290661074,26.32555604748335,25.54473420896132,1,26.777184605438865
26.31490159828447,6.117384677300705,74.61864755341188,10.690083080455931,24.8,87.9,25,0.8660254037844387,-0.4999999999999998,30.045833975955063,1963.582367765104,456.47097118414354,281.3084843396836,26.777184605438865,25.10290661074,26.06854908788741,1,26.127790392253296
23.460141518382805,8.116806521742431,90.32739401643568,14.632379915921684,24.8,87.9,25,1.0,6.123233995736766e-17,27.97651121920459,2119.0934466123053,733.1699808446033,343.277703578265,26.127790392253296,26.777184605438865,26.00262720281073,1,28.82506795312728
20.941256983635856,4.415979771872574,72.82112651025687,15.669032562484889,24.8,87.9,25,1.0,6.123233995736766e-17,24.5823133091487,1524.965924089147,321.576621634268,328.12923757595433,28.82506795312728,26.127790392253296,27.243347650273154,1,33.79937465958177
24.622793108983185,4.824793766054406,91.55022115003888,16.30689787761883,24.8,87.9,25,1.0,6.123233995736766e-17,29.20030416648513,2254.222154459064,441.7109362856098,401.52137268992544,33.79937465958177,28.82506795312728,29.584077668320788,1,28.18127876585242
21.83989351725992,7.600129344630397,88.99748088242347,14.70800340637891,24.8,87.9,25,1.0,6.123233995736766e-17,26.289767561381087,1943.695505776504,676.3923660526895,321.2212282468116,28.18127876585242,33.79937465958177,30.26857379285383,1,32.04474816901528
20.8296989468844,5.4704992836017325,95.0,15.86701937110518,24.8,87.9,25,1.0,6.123233995736766e-17,25.5796989468844,1978.8213999540176,519.6974319421646,330.5052366845039,32.04474816901528,28.18127876585242,31.341800531483162,1,25.56681011856349
26.74193035074357,7.900548698301451,78.05365814498907,14.801943629183652,24.8,87.9,25,1.0,6.123233995736766e-17,30.64461325799302,2087.305489734046,616.6667272550599,395.8325455872617,25.56681011856349,32.04474816901528,28.597612351143738,1,29.870293162304684
19.24689458791625,8.360743235491915,79.91710088939496,12.215500011364458,24.8,87.9,25,1.0,6.123233995736766e-17,23.242749632386,1538.1560165900526,668.1663606611338,235.11044105742147,29.870293162304684,25.56681011856349,29.16061714996116,1,34.35731316892176
23.031236667899208,8.925874691132938,77.73795055882464,16.27892588546265,24.8,87.9,25,1.0,6.123233995736766e-17,26.91813419584044,1790.4011373977376,693.8792054335564,374.923794767281,34.35731316892176,29.870293162304684,29.931472149929988,1,33.72116999778795
25.163533455345657,4.49688195669683,89.97655992244839,15.993399979303112,24.8,87.9,25,1.0,6.123233995736766e-17,29.66236145146808,2264.128175805444,404.6139688409093,402.4504554439184,33.72116999778795,34.35731316892176,32.649592109671474,1,31.00717308452579
17.940879844611395,6.528105425420046,86.93057547933425,12.273478874570738,24.8,87.9,25,1.0,6.123233995736766e-17,22.287408618578105,1559.6110094976575,567.4919614215287,220.1970097640499,31.00717308452579,33.72116999778795,33.028552083745176,1,29.825198095472164
22.17400435571313,5.267923725865021,84.74848663700179,12.727357048713776,24.8,87.9,25,1.0,6.123233995736766e-17,26.41142868756322,1879.2133118289737,446.4485634862164,282.2164706348955,29.825198095472164,31.00717308452579,31.517847059261978,1,35.96692380410085
23.59124897749419,4.088035244718061,95.0,12.248330673098096,24.8,87.9,25,1.0,6.123233995736766e-17,28.34124897749419,2241.168652861948,388.3633482482157,288.9534184677362,35.96692380410085,29.825198095472164,32.266431661366276,1,26.96409774517732
22.229956376574272,7.8872983130415,86.1300571206997,10.8041502802892,24.8,87.9,25,1.0,6.123233995736766e-17,26.536459232609257,1914.667412505005,679.3334542302628,240.1757894167816,26.96409774517732,35.96692380410085,30.918739881583452,1,31.295782287987223
21.79203874806154,6.6622230328389485,71.88412669979652,13.41129334090869,24.8,87.9,25,1.0,6.123233995736766e-17,25.386245083051367,1566.501674412531,478.9080845948976,292.25942414670186,31.295782287987223,26.96409774517732,31.408934612421813,1,34.27994377072298
19.690225127543407,5.201227753000715,84.0183285312342,14.140058561414977,24.8,87.9,25,1.0,6.123233995736766e-17,23.89114155410512,1654.3398036199048,436.9984621173872,278.4209363909084,34.27994377072298,31.295782287987223,30.84660793462918,1,29.71607355448032
23.907017425108936,5.156732275050284,85.47187377271678,14.670308751204049,24.8,87.9,25,1.0,6.123233995736766e-17,28.18061111374477,2043.377575641052,440.7555700927925,350.72332694676334,29.71607355448032,34.27994377072298,31.76393320439685,1,28.751322206954818
14.665763839366292,4.172107029307003,54.65207173206686,12.774596493519145,26.8,88.3,2000,-1.0,-1.8369701987210287e-16,17.398367425969635,801.5143773545989,228.01429263954668,187.3492153171485,28.751322206954818,29.71607355448032,30.915779844052718,2,21.780062357713334
18.69327399209533,1.738510123788052,32.795798632602086,12.962137895178133,26.8,88.3,2000,-1.0,-1.8369701987210287e-16,20.33306392372544,613.0608496288162,57.01582794049308,242.3047951978867,21.780062357713334,28.751322206954818,26.749152706382834,2,25.09082785594332
14.505645234958806,2.51471116044476,36.98703992084067,13.578349560671066,26.8,88.3,2000,-1.0,-1.8369701987210287e-16,16.35499723100084,536.5208793829736,93.0117220807539,196.96272160335323,25.09082785594332,21.780062357713334,25.207404140203835,2,25.148509235778988
18.36785538291574,2.960911130702477,53.62944666745037,13.942237295748937,26.8,88.3,2000,-1.0,-1.8369701987210287e-16,21.049327716288257,985.0579206535208,158.79202557106865,256.0889983626107,25.148509235778988,25.09082785594332,24.00646648314522,2,28.381034600791978
14.481915708358594,3.4859799582704007,44.42718992468749,13.944166645235237,26.8,88.3,2000,-1.0,-1.8369701987210287e-16,16.70327520459297,643.3908196485625,154.87229367973327,201.93824597960213,28.381034600791978,25.148509235778988,26.20679056417144,2,24.674209776108707
17.378940977849282,1.4234640261663722,49.77920055879886,15.051759113466346,26.8,88.3,2000,-1.0,-1.8369701987210287e-16,19.867901005789225,865.1097884358875,70.85890124677115,261.5836332457367,24.674209776108707,28.381034600791978,26.067917870893236,2,23.064480360351265
13.020743726859324,5.760222032416789,37.140100851693525,13.663050275004462,26.8,88.3,2000,-1.0,-1.8369701987210287e-16,14.877748769444,483.59173517961113,213.93522721210653,177.90307615802791,23.064480360351265,24.674209776108707,25.37324157908399,2,20.9788432290922
14.82343590329749,9.038098331748994,38.57060345624216,16.4586752081661,26.8,88.3,2000,-1.0,-1.8369701987210287e-16,16.751966076109596,571.7488680851103,348.60490675241425,243.97411700144164,20.9788432290922,23.064480360351265,22.905844455184067,2,21.114914389979607
15.267081809564564,3.5737399836792694,50.664869413508725,15.435053475191877,26.8,88.3,2000,-1.0,-1.8369701987210287e-16,17.80032528024,773.5047062069431,181.063069590945,235.6482241407582,21.114914389979607,20.9788432290922,21.7194126598077,2,23.546117013646725
12.580610514317785,5.078537116432766,57.24600665874958,15.828142777545974,26.8,88.3,2000,-1.0,-1.8369701987210287e-16,15.442910847255265,720.1897132737708,290.72596958401704,199.127699449318,23.546117013646725,21.114914389979607,21.879958210906185,2,20.744725673671105
13.661854522680168,5.95848903123251,40.155075682105085,16.739014570320403,26.8,88.3,2000,-1.0,-1.8369701987210287e-16,15.669608306785422,548.5928023161317,239.2635780001345,228.68598191274103,20.744725673671105,23.546117013646725,21.801919025765823,2,21.3454604890513
12.910381611957932,0.1,61.44965703952258,12.345187451417472,26.8,88.3,2000,-1.0,-1.8369701987210287e-16,15.98286446393406,793.3385223041736,6.144965703952258,159.38108106895393,21.3454604890513,20.744725673671105,21.878767725456385,2,16.42674726742475
14.731965666654164,3.908056045898751,38.72081349534208,14.972420650765788,26.8,88.3,2000,-1.0,-1.8369701987210287e-16,16.66800634142127,570.4336949982987,151.32310928258957,220.57318697378537,16.42674726742475,21.3454604890513,19.505644476715727,2,18.983479250672858
17.442067391050706,5.042875063377589,43.18812720920135,12.56084114491478,26.8,88.3,2000,-1.0,-1.8369701987210287e-16,19.60147375151077,753.2902252761605,217.79232973726064,219.0870377378861,18.983479250672858,16.42674726742475,18.918562335716313,2,25.43430765977441
10.131007545135368,4.605198617755159,49.45656209738093,16.281877067504784,26.8,88.3,2000,-0.8660254037844386,0.5000000000000001,12.603835650004417,501.0448037650221,227.75729140978083,164.9518194198575,25.43430765977441,18.983479250672858,20.281511392624015,2,22.45509598563192
9.725225745386965,7.601575926907541,59.04352590823007,16.143880559375784,26.8,88.3,2000,-0.8660254037844386,0.5000000000000001,12.677402040798468,574.2116182611413,448.82384518374346,157.0028828464935,22.45509598563192,25.43430765977441,22.29096096535974,2,24.837894733260573
11.737346617745802,4.436865240037717,47.90945050778977,18.917677793910947,26.8,88.3,2000,-0.8660254037844386,0.5000000000000001,14.13281914313529,562.3298268756662,212.5677756273197,222.04334146996555,24.837894733260573,22.45509598563192,24.242432792888977,2,21.92975071285104
10.908827967289003,5.710221763337821,45.74960346146059,17.528083094771446,26.8,88.3,2000,-0.8660254037844386,0.5000000000000001,13.196308140362037,499.07455373276304,261.24038134970755,191.21084307720832,21.92975071285104,24.837894733260573,23.07424714391452,2,22.27780082572436
14.595373053699046,6.5052285872264575,43.110060006048855,17.858874172034238,26.8,88.3,2000,-0.8660254037844386,0.5000000000000001,16.750876054001488,629.2074081556343,280.440794748397,260.65693085991035,22.27780082572436,21.92975071285104,23.015148757278666,2,21.94047369513865
10.65474540011836,6.990862739665783,52.89807495161858,14.635411764523626,26.8,88.3,2000,-0.8660254037844386,0.5000000000000001,13.299649147699288,563.6155207658743,369.8031811793182,155.93658617689624,21.94047369513865,22.27780082572436,22.04934174457136,2,20.32996389431969
12.45525908727396,5.327434636307037,53.54061254203586,16.878925129837125,26.8,88.3,2000,-0.8660254037844386,0.5000000000000001,15.132289714375752,666.8622009024064,285.23411370553674,210.23138560682065,20.32996389431969,21.94047369513865,21.516079471727576,2,23.77349174571996
10.404872993280016,7.974956491315677,46.479047228051016,17.188364680207314,26.8,88.3,2000,-0.8660254037844386,0.5000000000000001,12.728825354682566,483.6085832565344,370.6683794015133,178.84275145973717,23.77349174571996,20.32996389431969,22.014643111726105,2,20.481214533291656
12.100104198049104,3.286853954965167,48.52249597347891,14.998961757622691,26.8,88.3,2000,-0.8660254037844386,0.5000000000000001,14.52622899672305,587.1272572285129,159.48635779521055,181.4890001297883,20.481214533291656,23.77349174571996,21.528223391110444,2,27.109353788708034
14.35540162815288,4.116366381276449,52.23135655779343,19.442594934692806,26.8,88.3,2000,-0.8660254037844386,0.5000000000000001,16.966969456042552,749.8021009703814,215.00340018296407,279.106258981006,27.109353788708034,20.481214533291656,23.788020022573225,2,19.469987382158703
9.4280210789841,2.5610769575768817,32.98984893948486,17.761986990368815,26.8,88.3,2000,-0.8660254037844386,0.5000000000000001,11.077513525958343,311.0289911939645,84.4895419528568,167.46038774983856,19.469987382158703,27.109353788708034,22.353518568052806,2,20.7947684075978
10.573114258139585,8.204995138392341,48.86883158192812,16.494371043322943,26.8,88.3,2000,-0.8660254037844386,0.5000000000000001,13.016555837235993,516.6957399775063,400.9685255486343,174.3968696572025,20.7947684075978,19.469987382158703,22.458036526154856,2,25.471938131416675
12.35585174267854,4.247720048401033,64.93795763043525,16.091427615494993,26.8,88.3,2000,-0.8660254037844386,0.5000000000000001,15.6027496242003,802.3637769539986,275.8382645290166,198.8232939450994,25.471938131416675,20.7947684075978,21.912231307057738,2,25.914348091853416
10.557492752828455,4.669916264914597,50.13874550678403,18.223605818808945,26.8,88.3,2000,-0.8660254037844386,0.5000000000000001,13.064430028167656,529.3394423237827,234.1437431445444,192.3955863624779,25.914348091853416,25.471938131416675,24.06035154362264,2,21.776093079243783
10.758103702784435,6.062607752506493,40.57955450189443,16.343812549514883,26.8,88.3,2000,-0.8660254037844386,0.5000000000000001,12.787081427879158,436.5590555441733,246.01792171644493,175.8284303065508,21.776093079243783,25.914348091853416,24.387459767504634,2,22.761789065417723
10.255586447857894,7.40104010410081,62.7561823717881,19.314865292408285,26.8,88.3,2000,-0.8660254037844386,0.5000000000000001,13.3933955664473,643.6014534514085,464.461022513868,198.0852707350232,22.761789065417723,21.776093079243783,23.484076745504982,2,22.17248518635662
18.920889692286693,4.465223915878044,47.90603893335492,11.044634209243616,26.8,88.3,2000,-0.8660254037844385,-0.5000000000000004,21.31619163895444,906.4248782524002,213.91119076020107,208.97430556475453,22.17248518635662,22.761789065417723,22.236789110339387,2,18.937318815236537
19.33290441642612,4.087125049149093,49.99284107557377,14.682950209866338,26.8,88.3,2000,-0.8660254037844385,-0.5000000000000004,21.832546470204804,966.5068180196492,204.32699303810725,283.8640729584897,18.937318815236537,22.17248518635662,21.290531022336967,2,17.533002969884333
21.13334937917832,5.4408137020241405,58.736763852611446,11.97306483138446,26.8,88.3,2000,-0.8660254037844385,-0.5000000000000004,24.070187571808887,1241.3045518995295,319.5757895818446,253.03096222120053,17.533002969884333,18.937318815236537,19.54760232382584,2,23.277670729471456
16.439391202658214,4.847137177693084,52.88110134798052,10.851236204330922,26.8,88.3,2000,-0.8660254037844385,-0.5000000000000004,19.08344627005724,869.3331122868684,256.32195234115227,178.38771699544407,23.277670729471456,17.533002969884333,19.91599750486412,2,25.626307420409315
18.55807165234068,3.1559941991218565,49.34655438789165,8.0,26.8,88.3,2000,-0.8660254037844385,-0.5000000000000004,21.02539937173525,915.7768921266196,155.73743939483725,148.46457321872543,25.626307420409315,23.277670729471456,22.145660373255044,2,23.309387291944248
16.54846867399532,0.1734727607131545,49.475106472791005,12.570647453918228,26.8,88.3,2000,-0.8660254037844385,-0.5000000000000004,19.02222399763487,818.737249607565,8.582583306412316,208.02496560300483,23.309387291944248,25.626307420409315,24.071121813941684,2,15.815474078763351
19.76387090446311,3.9623058155149344,55.921759556565966,11.358183738539768,26.8,88.3,2000,-0.8660254037844385,-0.5000000000000004,22.55995888229141,1105.230436626396,221.5791131048092,224.4816771176721,15.815474078763351,23.309387291944248,21.583722930372318,2,25.27005709813304
22.2274225381173,4.009291124160755,45.72623884198604,12.446130752432532,26.8,88.3,2000,-0.8660254037844385,-0.5000000000000004,24.5137344802166,1016.3764318196952,183.32980353042936,276.6454071989737,25.27005709813304,15.815474078763351,21.46497282294689,2,21.24699216913796
19.35978830230696,5.886227093821994,55.02602477232973,8.64424909456523,26.8,88.3,2000,-0.8660254037844385,-0.5000000000000004,22.111089540923444,1065.292190709802,323.8956778802074,167.35083250319147,21.24699216913796,25.27005709813304,20.777507782011458,2,22.53583924821348
20.927758233589824,7.5232685243154975,43.21955764424856,8.94529553063138,26.8,88.3,2000,-0.8660254037844385,-0.5000000000000004,23.08873611580225,904.4884533415328,325.15233765981446,187.20498219306512,22.53583924821348,21.24699216913796,23.017629505161505,2,22.53910651761516
23.6386590799634,3.888858199921539,49.21588485623148,10.536325303696245,26.8,88.3,2000,-0.8660254037844385,-0.5000000000000004,26.099453322774966,1163.3975234351894,191.39359738955008,249.06460180966727,22.53910651761516,22.53583924821348,22.107312644988877,2,23.39436721358091
19.12894882962025,0.1,40.1648087737612,10.783868666417574,26.8,88.3,2000,-0.8660254037844385,-0.5000000000000004,21.137189268308305,768.3105717847604,4.016480877376121,206.2840719052469,23.39436721358091,22.53910651761516,22.82310432646986,2,15.326611537126428
16.25619771413729,0.1,59.4488545442601,10.686014484272198,26.8,88.3,2000,-0.8660254037844385,-0.5000000000000004,19.228640441350294,966.4123333504812,5.944885454426011,173.71396423246367,15.326611537126428,23.39436721358091,20.420028422774177,2,12.687621396544442
20.07659215809927,5.247237195752399,44.75987008796815,9.741185498991488,26.8,88.3,2000,-0.8660254037844385,-0.5000000000000004,22.31458566249768,898.6256568056435,234.8656552026317,195.5698083996428,12.687621396544442,15.326611537126428,17.136200049083936,2,22.53051242251024
16.608233875929635,3.991427857573077,57.25254381747644,10.085325643520925,26.8,88.3,2000,-0.8660254037844385,-0.5000000000000004,19.47086106680345,950.863637712558,228.5193983099987,167.49944700250606,22.53051242251024,12.687621396544442,16.84824845206038,2,19.82047453970612
22.026899486484265,4.363845890242351,39.48599732967759,13.78113884950128,26.8,88.3,2000,-0.8660254037844385,-0.5000000000000004,24.001199352968143,869.7540943043944,172.310807169234,303.5557602472481,19.82047453970612,22.53051242251024,18.34620278625361,2,20.581013406340603
10.583309020871535,4.987242530868553,53.50502684670912,18.53655583529537,26.8,88.3,2000,-0.5000000000000004,0.8660254037844384,13.258560363206993,566.2602332887503,266.8425455051715,196.1780985875704,20.581013406340603,19.82047453970612,20.97733345618566,2,9.105240405949363
6.407085623516036,7.719288248080368,50.58221564575222,20.145550149339897,26.8,88.3,2000,-0.5000000000000004,0.8660254037844384,8.936196405803647,324.0845866694869,390.45870279612205,129.07426473965697,9.105240405949363,20.581013406340603,16.502242783998703,2,5.852605105631317
8.453994905764299,6.869330231619858,44.12115087216064,20.315532771747463,26.8,88.3,2000,-0.5000000000000004,0.8660254037844384,10.66005244937233,372.9999847097041,303.082755539994,171.74741056024072,5.852605105631317,9.105240405949363,11.84628630597377,2,10.031375203194989
5.568717921343605,9.66398634345408,54.34279057285944,20.872096170088824,26.8,88.3,2000,-0.5000000000000004,0.8660254037844384,8.285857449986578,302.6196717589047,525.1679859612988,116.23081599838086,10.031375203194989,5.852605105631317,8.329740238258564,2,5.873272537391155
10.870507642896497,8.625724501133098,55.47704295936138,18.22574725614827,26.8,88.3,2000,-0.5000000000000004,0.8660254037844384,13.644359790864566,603.0636194950351,478.5296887049768,198.12312484545964,5.873272537391155,10.031375203194989,7.252417615405829,2,10.4736511853518
11.024877469176284,9.536639843602464,49.99549838792376,19.789857722862745,26.8,88.3,2000,-0.5000000000000004,0.8660254037844384,13.524652388572472,551.1942437372599,476.78906192703647,218.1807565269937,10.4736511853518,5.873272537391155,8.792766308645989,2,9.92859356543595
8.229067150356673,2.780055766243345,62.33062139761984,19.71588513655362,26.8,88.3,2000,-0.5000000000000004,0.8660254037844384,11.345598220237664,512.9228690044722,173.28260342998388,162.24334271741878,9.92859356543595,10.4736511853518,8.75850576272631,2,10.364073951518066
7.725653121156753,6.807615230470495,46.22979930483838,17.03607609881519,26.8,88.3,2000,-0.5000000000000004,0.8660254037844384,10.037143086398672,357.1553932898749,314.71468584921206,131.61481448507556,10.364073951518066,9.92859356543595,10.25543956743528,2,6.127206889277228
6.869061481822065,7.416021003592634,42.25605013174664,19.85686452964723,26.8,88.3,2000,-0.5000000000000004,0.8660254037844384,8.981863988409398,290.25940633392304,313.3717553058964,136.3980232903586,6.127206889277228,10.364073951518066,8.80662480207709,2,5.477453160303579
7.313541287749519,6.369296415102837,50.346552688410846,17.674017326667332,26.8,88.3,2000,-0.5000000000000004,0.8660254037844384,9.830868922170062,368.2115917825493,320.67211755108127,129.25965543898192,5.477453160303579,6.127206889277228,7.322911333699633,2,6.738480859975405
5.865063557376746,2.4706759494025947,58.1086288362477,22.0,26.8,88.3,2000,-0.5000000000000004,0.8660254037844384,8.77049499918913,340.8108013566079,143.5675917184793,129.0313982622884,6.738480859975405,5.477453160303579,6.1143803031854125,2,6.072177579677071
6.8449914426426135,6.171517762331304,51.89458545167016,19.451776756269865,26.8,88.3,2000,-0.5000000000000004,0.8660254037844384,9.43972071522612,355.2179933361681,320.26835588380203,133.14724544086172,6.072177579677071,6.738480859975405,6.09603719998536,2,6.166228329546466
9.555987513743109,7.375042296120545,65.41393031519038,21.53841921779691,26.8,88.3,2000,-0.5000000000000004,0.8660254037844384,12.826684029502626,625.0947013168211,482.430502830011,205.82086511103188,6.166228329546466,6.072177579677071,6.325628923066322,2,9.867095906935209
9.792743746443984,5.610302258169684,53.663026289708704,19.620022348439083,26.8,88.3,2000,-0.5000000000000004,0.8660254037844384,12.47589506092942,525.508265113804,301.06579757337187,192.133851157768,9.867095906935209,6.166228329546466,7.368500605386257,2,9.737273057459786
9.516559485380036,6.030790831124026,68.81571080986723,18.59669814428473,26.8,88.3,2000,-0.5000000000000004,0.8660254037844384,12.957345025873398,654.8888054508114,415.0131577894298,176.97658412174215,9.737273057459786,9.867095906935209,8.590199097980495,2,10.189351169734191
7.094097926151945,4.537222268729538,56.12708997528962,16.543493374362356,26.8,88.3,2000,-0.5000000000000004,0.8660254037844384,9.900452424916429,398.17107259464575,254.6610825148705,117.36116203837244,10.189351169734191,9.737273057459786,9.931240044709737,2,5.869511398058204
22.47136090466626,0.5487253694921761,46.35154767673391,10.383576857292724,26.8,88.3,2000,-0.4999999999999997,-0.8660254037844388,24.788938288502955,1041.5823563337326,25.43427012545003,233.33310304156504,5.869511398058204,10.189351169734191,8.598711875084069,2,19.70762172070852
21.82927581097065,4.4518615054660025,46.018223827501615,9.377462196569445,26.8,88.3,2000,-0.4999999999999997,-0.8660254037844388,24.13018700234573,1004.544500261514,204.8667592075728,204.70320869586507,19.70762172070852,5.869511398058204,11.922161429500314,2,21.29579992932016
23.109512891660128,5.31962968229861,61.56385744957892,9.564758623954315,26.8,88.3,2000,-0.4999999999999997,-0.8660254037844388,26.187705764139075,1422.7107573913704,327.4969234455804,221.03691272588964,21.29579992932016,19.70762172070852,15.62431101602897,2,23.33659191764461
19.885737596014085,4.518935415731502,56.9504057101696,8.0,26.8,88.3,2000,-0.4999999999999997,-0.8660254037844388,22.733257881522565,1132.5008239389747,257.3552053039629,159.08590076811268,23.33659191764461,21.29579992932016,21.446671189224435,2,23.63788735943832
21.920998152094374,0.7854931427477094,67.02718641413722,10.119891013156876,26.8,88.3,2000,-0.4999999999999997,-0.8660254037844388,25.27235747280124,1469.302829524387,52.649395305977215,221.83811219880832,23.63788735943832,23.33659191764461,22.756759735467707,2,20.36925758237589
22.72664947548607,4.396614400538277,51.13450830160502,11.164827722228416,26.8,88.3,2000,-0.4999999999999997,-0.8660254037844388,25.28337489056632,1162.1160462719097,224.81871556328068,253.7391260972748,20.36925758237589,23.63788735943832,22.447912286486286,2,21.04745257379528
21.2308989614598,2.4037071124959373,52.426919590260944,11.918969552634628,26.8,88.3,2000,-0.4999999999999997,-0.8660254037844388,23.85224494097284,1113.0706326814077,126.01895950536282,253.0504382967015,21.04745257379528,20.36925758237589,21.684865838536506,2,21.361850912353223
21.79992653708953,3.759747341739756,57.57085772360219,9.436728708646296,26.8,88.3,2000,-0.4999999999999997,-0.8660254037844388,24.67846942326964,1255.040469051761,216.45187928799103,205.719992598933,21.361850912353223,21.04745257379528,20.92618702284147,2,24.92928025803804
18.54228960188474,2.905543267543296,47.09127114279266,8.0,26.8,88.3,2000,-0.4999999999999997,-0.8660254037844388,20.89685315902437,873.1799872505392,136.8257258289971,148.33831681507792,24.92928025803804,21.361850912353223,22.44619458139552,2,26.939196905322422
21.557627912520093,2.8425811216659427,55.350491775832886,8.583344574850635,26.8,88.3,2000,-0.4999999999999997,-0.8660254037844388,24.32515250131173,1193.2253064784088,157.33826299690858,185.036548589578,26.939196905322422,24.92928025803804,24.410109358571237,2,20.644500686338123
19.743577700930352,2.4694056217431912,64.70478159983347,9.016422947753226,26.8,88.3,2000,-0.4999999999999997,-0.8660254037844388,22.978816780922024,1277.5038831380407,159.78235143629416,178.0164470534173,20.644500686338123,26.939196905322422,24.170992616566206,2,26.292445137622263
22.041503080069724,4.161608029846256,54.43600977552728,9.53360004303267,26.8,88.3,2000,-0.4999999999999997,-0.8660254037844388,24.763303568846087,1199.85147713399,226.54133539462364,210.13487471265745,26.292445137622263,20.644500686338123,24.625380909760946,2,24.20226158452596
21.04163872789249,1.3326170930789931,53.61643152061262,11.371410297506884,26.8,88.3,2000,-0.4999999999999997,-0.8660254037844388,23.72246030392312,1128.1775819355182,71.45017311426768,239.27310730677632,24.20226158452596,26.292445137622263,23.71306913616213,2,22.33506016015957
22.04222948006968,3.6394070788593087,67.22774741130026,9.565601211727804,26.8,88.3,2000,-0.4999999999999997,-0.8660254037844388,25.40361685063469,1481.8494358680405,244.6691398244517,210.8471770237369,22.33506016015957,24.20226158452596,24.276588960769274,2,22.85874984424463
20.767156330666065,4.279379329974014,68.35923603481126,9.39585487202784,26.8,88.3,2000,-0.4999999999999997,-0.8660254037844388,24.18511813240663,1419.6269413798266,292.5351017001861,195.1251869876525,22.85874984424463,22.33506016015957,23.132023862976727,2,23.16457069288249
20.4945585890699,0.1,54.338554513258416,8.621226314718443,26.8,88.3,2000,-0.4999999999999997,-0.8660254037844388,23.21148631473282,1113.6446891173432,5.433855451325842,176.6882278166283,23.16457069288249,22.85874984424463,22.786126899095574,2,14.734346354874038
9.893955768707466,8.514429896582792,73.25475631574908,17.77165944044454,26.8,88.3,2000,-2.4492935982947064e-16,1.0,13.55669358449492,724.7793188354652,623.7224872417011,175.83201244029075,14.734346354874038,23.16457069288249,20.25255563066706,2,10.525368359407382
7.405846041702599,5.089832113565178,77.38004161064049,22.0,26.8,88.3,2000,-2.4492935982947064e-16,1.0,11.274848122234625,573.0646748689443,393.8514207388477,162.92861291745717,10.525368359407382,14.734346354874038,16.14142846905465,2,6.179167869650166
8.29096836228215,12.447829790170562,62.53777412037599,20.32872549149591,26.8,88.3,2000,-2.4492935982947064e-16,1.0,11.41785706830095,518.4987066795848,778.4595677065739,168.54481989551124,6.179167869650166,10.525368359407382,10.479627527977206,2,10.788753414865884
7.685450692755408,9.03482678186721,69.55813824185763,20.67156284002597,26.8,88.3,2000,-2.4492935982947064e-16,1.0,11.16335760484829,534.5856417376611,628.4457302843571,158.87027694921454,10.788753414865884,6.179167869650166,9.16442988130782,2,5.018826096351989
8.39644662722718,8.908291114403141,72.16154576022186,20.952757702522955,26.8,88.3,2000,-2.4492935982947064e-16,1.0,12.004523915238272,605.9005675139146,642.83605689738,175.92871174245718,5.018826096351989,10.788753414865884,7.3289157936226905,2,11.31318974655649
7.988060372565478,8.642667875207456,60.59755876923664,18.992564948092923,26.8,88.3,2000,-2.4492935982947064e-16,1.0,11.01793831102731,484.0569578787469,523.7245744908774,151.7137554352372,11.31318974655649,5.018826096351989,9.04025641925813,2,6.424173573974415
8.996020219719304,2.3288095871722634,81.70699763824582,19.79061555776724,26.8,88.3,2000,-2.4492935982947064e-16,1.0,13.081370101631595,735.0378028462168,190.2800394390084,178.0367777183655,6.424173573974415,11.31318974655649,7.585396472294307,2,10.5819702947434
10.189010126449944,6.427397646922986,57.068861204349545,16.769914829594427,26.8,88.3,2000,-2.4492935982947064e-16,1.0,13.04245318666742,581.4752047160838,366.8042642174108,170.86883201844068,10.5819702947434,6.424173573974415,9.43977787175811,2,8.99879599687922
6.960724402146638,9.226300252393935,66.7913130725173,22.0,26.8,88.3,2000,-2.4492935982947064e-16,1.0,10.300290055772503,464.9159227552869,616.2367086586887,153.13593684722602,8.99879599687922,10.5819702947434,8.668313288532355,2,6.317453414346816
5.701444909867986,5.673439810035129,65.27266774607381,18.84504015341204,26.8,88.3,2000,-2.4492935982947064e-16,1.0,8.965078297171676,372.1485192743568,370.3205516977711,107.44395825892887,6.317453414346816,8.99879599687922,8.63273990198982,2,6.056190088927666
6.987858176920214,9.798301892462923,65.65463486838053,19.851665520213285,26.8,88.3,2000,-2.4492935982947064e-16,1.0,10.27058992033924,458.7852771177239,643.3039330798151,138.72062323090748,6.056190088927666,6.317453414346816,7.124146500051244,2,6.616512795737138
7.3211479620997295,8.12741238386647,68.4955053579708,21.78596941217951,26.8,88.3,2000,-2.4492935982947064e-16,1.0,10.745923229998269,501.465729464499,556.691218485564,159.49830556434506,6.616512795737138,6.056190088927666,6.330052099670549,2,5.784485868746581
7.064008298131533,6.614484602867275,68.67977714351294,18.98342694537184,26.8,88.3,2000,-2.4492935982947064e-16,1.0,10.49799715530718,485.15451565559977,454.28132844412215,134.09908546908042,5.784485868746581,6.616512795737138,6.152396251137138,2,6.002620470041188
6.502617747632906,11.336011495599628,68.927799613106,21.102316679074725,26.8,88.3,2000,-2.4492935982947064e-16,1.0,9.949007728288205,448.2111330694676,781.3663287805573,137.2202989535212,6.002620470041188,5.784485868746581,6.134539711508311,2,5.871863236583732
7.449369451503772,9.98650200730582,53.65307413653575,17.358786782028837,26.8,88.3,2000,-2.4492935982947064e-16,1.0,10.13202315833056,399.6815714519765,535.8065325626422,129.3120159692131,5.871863236583732,6.002620470041188,5.88632319179051,2,6.222694744328743
7.646335428369563,7.826115170962304,61.271707985054064,17.60794539909981,26.8,88.3,2000,-2.4492935982947064e-16,1.0,10.709920827622266,468.5040315228332,479.5194434126037,134.6362567259337,6.222694744328743,5.871863236583732,6.032392816984564,2,6.737820394457282
22.859668577082704,0.5567577894083748,68.43694575306068,8.311531530744666,26.8,88.3,2000,1.2246467991473532e-16,-1.0,26.28151586473573,1564.4458983427548,38.10280263133493,189.99885616079595,6.737820394457282,6.222694744328743,6.277459458456595,2,21.365575245757388
26.10100098562816,1.881971574962776,72.87457918781267,8.0,26.8,88.3,2000,1.2246467991473532e-16,-1.0,29.744729945018783,1902.099463208336,137.14788656883735,208.8080078850253,21.365575245757388,6.737820394457282,11.442030128181147,2,18.86351275271179
24.363782979252623,7.572094307912424,69.67142548260772,8.0,26.8,88.3,2000,1.2246467991473532e-16,-1.0,27.84735425338301,1697.4594903134252,527.5586043209985,194.91026383402087,18.86351275271179,21.365575245757388,15.655636130975495,2,22.614913470119426
20.10397219916751,0.1,68.52011560042666,8.0,26.8,88.3,2000,1.2246467991473532e-16,-1.0,23.52997797918885,1377.5264991147217,6.8520115600426665,160.8317775933401,22.614913470119426,18.86351275271179,20.948000489529544,2,15.464360051015255
24.571600317301662,4.729594780010287,57.26419085496629,8.0,26.8,88.3,2000,1.2246467991473532e-16,-1.0,27.43480986004998,1407.0728101819125,270.8364181491614,196.5728025384133,15.464360051015255,22.614913470119426,18.980928757948835,2,19.256943994682825
24.22703594546084,1.8330945260435465,62.94098770061324,8.0,26.8,88.3,2000,1.2246467991473532e-16,-1.0,27.374085330491496,1524.8735714655654,115.37678001776833,193.8162875636867,19.256943994682825,15.464360051015255,19.11207250527251,2,22.55140451183076
19.8868362026805,3.022449334508533,77.00607832507448,9.27533261317024,26.8,88.3,2000,1.2246467991473532e-16,-1.0,23.73714011893422,1531.4072662615413,232.7469701867333,184.45702040349704,22.55140451183076,19.256943994682825,19.090902852509622,2,19.90209264189849
26.26686306460219,1.5859888704029816,67.42108372191227,8.0,26.8,88.3,2000,1.2246467991473532e-16,-1.0,29.637917250697804,1770.9403737905493,106.92908841346048,210.1349045168176,19.90209264189849,22.55140451183076,20.5701470494707,2,19.95213933632008
23.208402207903752,3.7534934006413128,58.96828328906659,8.0,26.8,88.3,2000,1.2246467991473532e-16,-1.0,26.15681637235708,1368.559636082267,221.33706217265885,185.66721766323,19.95213933632008,19.90209264189849,20.801878830016452,2,24.849200273669883
20.62480316194097,4.498321076894412,70.07021504745678,8.620698646177248,26.8,88.3,2000,1.2246467991473532e-16,-1.0,24.12831391431381,1445.1843928686706,315.19832521049887,177.80021269581675,24.849200273669883,19.95213933632008,21.567810750629494,2,22.49437651958552
21.528940114820468,6.350866006861232,73.73048096475415,8.913707181360765,26.8,88.3,2000,1.2246467991473532e-16,-1.0,25.215464163058176,1587.3391093271025,468.2524052285863,191.90266810856107,22.49437651958552,24.849200273669883,22.43190537652517,2,21.189404042323545
20.86977267384925,3.2682302477310223,60.12390238272573,8.0,26.8,88.3,2000,1.2246467991473532e-16,-1.0,23.87596779298554,1254.772174992189,196.4987563788515,166.958181390794,21.189404042323545,22.49437651958552,22.84432694519299,2,19.267780301368123
25.393143003328984,3.5616205103864176,64.78156368392054,8.0,26.8,88.3,2000,1.2246467991473532e-16,-1.0,28.63222118752501,1645.007510605058,230.7273459115553,203.14514402663187,19.267780301368123,21.189404042323545,20.983853621092408,2,20.584095957872577
23.911775544163216,8.208684346242526,59.85185415695886,9.391760192121856,26.8,88.3,2000,1.2246467991473532e-16,-1.0,26.90436825201116,1431.1641025031925,491.3049783118189,224.57366167862503,20.584095957872577,19.267780301368123,20.347093433854756,2,22.35888745560704
22.723088032032454,1.430083183861626,63.3278139417118,8.0,26.8,88.3,2000,1.2246467991473532e-16,-1.0,25.889478729118043,1439.0034910736897,90.56404178875988,181.78470425625963,22.35888745560704,20.584095957872577,20.73692123828259,2,20.276556260898737
23.176813772583696,6.833739818550882,55.86648708693196,8.0,26.8,88.3,2000,1.2246467991473532e-16,-1.0,25.97013812693029,1294.807167342274,381.7770373285256,185.4145101806696,20.276556260898737,22.35888745560704,21.07317989145946,2,20.017530132223225
23.04778412613759,7.385104315801682,81.67137723639124,9.492617696136024,26.8,88.3,2000,0.4999999999999999,-0.8660254037844387,27.13135298795715,1882.3442718286929,603.1516405059401,218.78380345249664,20.017530132223225,20.276556260898737,20.88432461624301,2,26.23859961915253
19.91992169677137,3.687947734484181,74.72252090090575,9.155169676098147,26.8,88.3,2000,0.4999999999999999,-0.8660254037844387,23.656047741816664,1488.4667653314048,275.57275167144223,182.3702630685308,26.23859961915253,20.017530132223225,22.17756200409151,2,29.50133307372568
26.98206808202276,4.161805318851797,71.08448445985422,10.370088892896977,26.8,88.3,2000,0.4999999999999999,-0.8660254037844387,30.536292305015465,1918.0063992712755,295.8397855128592,279.80644452477424,29.50133307372568,26.23859961915253,25.252487608367158,2,25.33185041950209
25.0592512887442,5.092042342546463,70.55840378645442,11.625583181454251,26.8,88.3,2000,0.4999999999999999,-0.8660254037844387,28.58717147806692,1768.1407710174412,359.2863797031166,291.3284103222603,25.33185041950209,29.50133307372568,27.023927704126777,2,26.29185476846773
21.02359059177736,0.3757842114345244,62.32877741211421,9.944469561509814,26.8,88.3,2000,0.4999999999999999,-0.8660254037844387,24.14002946238307,1310.3746983983096,23.422170469489338,209.06845671357405,26.29185476846773,25.33185041950209,27.041679420565174,2,17.526473694424016
25.383289570476933,6.096190204040502,75.3040278253456,8.98389456737076,26.8,88.3,2000,0.4999999999999999,-0.8660254037844387,29.14849096174421,1911.463944114,459.0676767536653,228.04079727420657,17.526473694424016,26.29185476846773,23.050059627464623,2,24.82551420395521
22.08184701239602,2.6575584163152985,82.97013455557712,8.063212702551398,26.8,88.3,2000,0.4999999999999999,-0.8660254037844387,26.23035374017488,1832.1338178541664,220.4979793909868,178.05062932614825,24.82551420395521,17.526473694424016,22.881280888948993,2,28.622815189208254
24.13925509619148,7.597603475813198,80.10984177623348,8.0,26.8,88.3,2000,0.4999999999999999,-0.8660254037844387,28.14474718500315,1933.791906352037,608.6428123259568,193.11404076953184,28.622815189208254,24.82551420395521,23.658267695862502,2,29.16194066554916
23.117711913606083,6.9303739822530535,81.07142871829411,9.225634713247432,26.8,88.3,2000,0.4999999999999999,-0.8660254037844387,27.171283349520788,1874.185933533974,561.8553202933485,213.275565521018,29.16194066554916,28.622815189208254,27.53675668623755,2,23.24648823519733
20.58122198178777,5.781531189140042,68.31722357392194,12.021571268953451,26.8,88.3,2000,0.4999999999999999,-0.8660254037844387,23.99708316048387,1406.0519435543115,394.97815884808296,247.41862685621308,23.24648823519733,29.16194066554916,27.01041469665159,2,24.92812962338061
22.266924878347663,2.3961138708824774,74.1101915092104,8.0,26.8,88.3,2000,0.4999999999999999,-0.8660254037844387,25.972434453808187,1650.2060670555466,177.57645784897582,178.1353990267813,24.92812962338061,23.24648823519733,25.77885284137571,2,27.697123807872725
24.708618328310138,6.339163477396163,75.08282095874705,8.0,26.8,88.3,2000,0.4999999999999999,-0.8660254037844387,28.46275937624749,1855.1927660825256,475.96227640156445,197.6689466264811,27.697123807872725,24.92812962338061,25.29058055548356,2,26.240451677431626
21.89758353192952,6.382125863894615,75.95664294731323,8.0,26.8,88.3,2000,0.4999999999999999,-0.8660254037844387,25.69541567929518,1663.266933743737,484.7648554886562,175.18066825543616,26.240451677431626,27.697123807872725,26.28856836956166,2,27.95365745225079
21.28284355259124,4.721876831782343,85.62555313479247,9.638192591394358,26.8,88.3,2000,0.4999999999999999,-0.8660254037844387,25.56412120933086,1822.3552514718765,404.31331555572456,205.12814505239004,27.95365745225079,26.240451677431626,27.297077645851726,2,26.4801113566071
23.43488647248457,5.985859634457993,85.31802203266196,9.813619604198305,26.8,88.3,2000,0.4999999999999999,-0.8660254037844387,27.70078757411768,1999.4181603923705,510.7017041771089,229.98106130853623,26.4801113566071,27.95365745225079,26.89140682876318,2,26.904472682759145
21.58783398522565,4.317086766037887,80.57109957965372,10.236805390149136,26.8,88.3,2000,0.4999999999999999,-0.8660254037844387,25.61638896420834,1739.3555217326486,347.83242772044383,220.99045530160265,26.904472682759145,26.4801113566071,27.112747163872356,2,29.98367717007949
6.817862654148954,12.522674594861062,80.6620154836438,18.35245225886523,26.8,88.3,2000,0.4999999999999999,0.8660254037844387,10.850963428331143,549.9425429743197,1010.104172067316,125.12449886776888,29.98367717007949,26.904472682759145,27.789420403148586,2,6.138208920805164
8.605897301463006,10.67703907011408,75.6582719142034,20.79437298530466,26.8,88.3,2000,0.4999999999999999,0.8660254037844387,12.388810897173176,651.1073180997973,807.8063252052644,178.9542383598486,6.138208920805164,29.98367717007949,21.008786257881276,2,11.533578188546532
6.846219388755717,8.122374358995236,77.28692312579923,19.69783760768717,26.8,88.3,2000,0.4999999999999999,0.8660254037844387,10.71056554504568,529.1232316011193,627.7533226826276,134.85571774630944,11.533578188546532,6.138208920805164,15.885154759810405,2,5.926920756753607
8.570564137146,12.052684038394156,74.23763574090438,19.61468471136214,26.8,88.3,2000,0.4999999999999999,0.8660254037844387,12.28244592419122,636.2584185075033,894.7627673425178,168.10891334862632,5.926920756753607,11.533578188546532,7.866235955368444,2,10.346996577344994
9.357242289459576,11.556082539132069,76.57216935761176,20.2596580590894,26.8,88.3,2000,0.4999999999999999,0.8660254037844387,13.185850757340166,716.5043413087054,884.8743092969609,189.57452916050184,10.346996577344994,5.926920756753607,9.269165174215052,2,9.876735800813664
10.17090220036316,7.827307055746069,85.5391525250746,19.49255182974523,26.8,88.3,2000,0.4999999999999999,0.8660254037844387,14.447859826616888,870.0103546344812,669.5412121020556,198.25683829584872,9.876735800813664,10.346996577344994,8.716884378304096,2,9.54392131897122
8.020688627741599,11.243235517385934,79.34880123675546,18.64023092457748,26.8,88.3,2000,0.4999999999999999,0.8660254037844387,11.988128689579373,636.4320277045731,892.1372603270859,149.50748819523585,9.54392131897122,9.876735800813664,9.922551232376636,2,10.641454754561384
10.288162403199522,6.817965624616143,79.90219124050056,17.61602907794615,26.8,88.3,2000,0.4999999999999999,0.8660254037844387,14.28327196522455,822.0467198537759,544.7703932092379,181.2365680533951,10.641454754561384,9.54392131897122,10.020703958115432,2,10.40207474958954
6.793873274345485,6.251597892052208,88.13612128109095,20.710878056720585,26.8,88.3,2000,0.4999999999999999,0.8660254037844387,11.200679338400032,598.7856388760762,550.991590014526,140.70708091778232,10.40207474958954,10.641454754561384,10.195816941040723,2,5.884714238675215
8.322245775020304,8.038966396616699,75.97838002425827,20.01109946626121,26.8,88.3,2000,0.4999999999999999,0.8660254037844387,12.121164776233218,632.3107521497705,610.7876438843857,166.53728798660345,5.884714238675215,10.40207474958954,8.976081247608724,2,10.66323773295327
8.539368593305985,5.785986186459951,77.64704185771566,20.44644586512002,26.8,88.3,2000,0.4999999999999999,0.8660254037844387,12.421720686191769,663.0567106028924,449.2647116082204,174.5997376653369,10.66323773295327,5.884714238675215,8.983342240406017,2,9.445709411317967
9.909949735700026,8.317228390489902,77.13913851257523,19.67869913200065,26.8,88.3,2000,0.4999999999999999,0.8660254037844387,13.766906661328788,764.4449853148226,641.5838328547237,195.01491926209016,9.445709411317967,10.66323773295327,8.664553794315495,2,10.490740090509538
9.970905040607136,5.927981541967398,54.56863092078436,20.597632289565546,26.8,88.3,2000,0.4999999999999999,0.8660254037844387,12.699336586646355,544.0986371070792,323.48183686884107,205.3770356206014,10.490740090509538,9.445709411317967,10.199895744926936,2,10.9055089698822
12.098571264777735,9.17084814103268,72.07742758950313,19.473172881503995,26.8,88.3,2000,0.4999999999999999,0.8660254037844387,15.702442644252892,872.0338942734605,661.0111428196124,235.5975698582133,10.9055089698822,10.490740090509538,10.280652823903244,2,10.135455982173836
9.397559307059314,11.244725193837857,76.44817246962965,17.25090450077286,26.8,88.3,2000,0.4999999999999999,0.8660254037844387,13.219967930540797,718.4262346996438,859.6386909921063,162.11639814642942,10.135455982173836,10.9055089698822,10.510568347521868,2,10.475615041598475
5.0204841405843,11.422945685721569,70.58513483286043,22.0,26.8,88.3,2000,0.4999999999999999,0.8660254037844387,8.54974088222732,354.3715499893803,806.2901614150983,110.4506510928546,10.475615041598475,10.135455982173836,10.505526664551512,2,5.998360447112794
12.264815478111045,10.842886378120664,87.29498777342633,14.644662920164317,26.8,88.3,2000,0.8660254037844386,0.5000000000000001,16.62956486678236,1070.6569172050336,946.5296338066942,179.6140884549502,5.998360447112794,10.475615041598475,8.869810490295045,2,8.943790147781531
9.965423099799256,11.716472359238365,95.0,16.455742159340513,26.8,88.3,2000,0.8660254037844386,0.5000000000000001,14.715423099799256,946.7151944809292,1113.0648741276448,163.98843303903246,8.943790147781531,5.998360447112794,8.47258854549761,2,9.463975899627728
12.31708854534566,12.918186556399904,80.90493025573637,15.80255413319232,26.8,88.3,2000,0.8660254037844386,0.5000000000000001,16.36233505813248,996.51318971492,1045.1449823761254,194.64145850114784,9.463975899627728,8.943790147781531,8.135375498174026,2,10.318077943677764
12.21579301943308,9.27099572517992,78.74903915928454,17.291134989347462,26.8,88.3,2000,0.8660254037844386,0.5000000000000001,16.153244977397307,961.9819628490504,730.0820054077531,211.22492610094585,10.318077943677764,9.463975899627728,9.57528133036235,2,10.697685108298556
10.820528611425546,11.77801190976615,76.9093696592146,19.701410649366224,26.8,88.3,2000,0.8660254037844386,0.5000000000000001,14.665997094386276,832.2000348842354,905.839471818837,213.1796776169112,10.697685108298556,10.318077943677764,10.159912983868026,2,9.750487463750405
15.150521745250533,7.519401842688069,95.0,17.296866175193973,26.8,88.3,2000,0.8660254037844386,0.5000000000000001,19.90052174525053,1439.2995657988006,714.3431750553666,262.0565471119647,9.750487463750405,10.697685108298556,10.255416838575584,2,10.400441366761084
12.543397421296689,3.200692237607054,91.51063367866558,14.39042933183285,26.8,88.3,2000,0.8660254037844386,0.5000000000000001,17.118929105229967,1147.8542465061998,292.8973748738076,180.5048741722644,10.400441366761084,9.750487463750405,10.282871312936692,2,8.774227484088168
9.75246207860839,12.725840186600776,80.79504886958199,17.326149309769583,26.8,88.3,2000,0.8660254037844386,0.5000000000000001,13.792214522087493,787.95065023991,1028.1848797829,168.9726141118348,8.774227484088168,10.400441366761084,9.641718771533228,2,10.915238833133944
9.623699309644552,13.402649089555824,90.17463197162152,16.512752924737065,26.8,88.3,2000,0.8660254037844386,0.5000000000000001,14.13243090822563,867.8135434527456,1208.5789490954846,158.91376892212315,10.915238833133944,8.774227484088168,10.029969227994409,2,7.742852095168705
11.09772014065141,8.97896086127497,76.70457457323472,16.00564862367358,26.8,88.3,2000,0.8660254037844386,0.5000000000000001,14.932948869313146,851.245902121485,688.7273729738218,177.6262090951318,7.742852095168705,10.915238833133944,9.144106137463615,2,11.643414713021397
7.012528714857089,9.64589061856235,92.1418600154751,15.185538471963191,26.8,88.3,2000,0.8660254037844386,0.5000000000000001,11.619621715630844,646.1474391988614,888.7903031001565,106.48902458520892,11.643414713021397,7.742852095168705,10.100501880441358,2,5.43705468221175
9.663819092713902,10.881862177940253,80.9208300221255,15.866382260760734,26.8,88.3,2000,0.8660254037844386,0.5000000000000001,13.709860593820178,782.0042621660727,880.5693196252996,153.32984782383676,5.43705468221175,11.643414713021397,8.274440496800628,2,9.837671430917492
8.266242603169157,8.448246675081839,72.95960386721389,14.297029343629973,26.8,88.3,2000,0.8660254037844386,0.5000000000000001,11.914222796529852,603.1017857975087,616.3807307864778,118.18271305907363,9.837671430917492,5.43705468221175,8.972713608716889,2,10.846928360049947
8.305747420940607,6.954549401845902,91.92381933924416,16.014658581542907,26.8,88.3,2000,0.8660254037844386,0.5000000000000001,12.901938387902817,763.4960253999375,639.2887428011313,133.01370921089435,10.846928360049947,9.837671430917492,8.707218157726407,2,8.292721577552676
11.799375903505284,7.595063691283547,78.09157462169071,17.87954602813264,26.8,88.3,2000,0.8660254037844386,0.5000000000000001,15.703954634589818,921.431843857962,593.1104830043629,210.9674845699619,8.292721577552676,10.846928360049947,9.659107122840048,2,11.699658456966782
9.871504802685225,9.26688008526128,94.65738769623177,20.00913933223869,26.8,88.3,2000,0.8660254037844386,0.5000000000000001,14.604374187496813,934.4108572529892,877.1786609650662,197.52031501579205,11.699658456966782,8.292721577552676,10.279769464856479,2,8.467909999440284
19.35540200186651,4.105768417887361,85.36209088373649,11.915878617925737,26.8,88.3,2000,0.8660254037844387,-0.4999999999999998,23.62350654605333,1652.217584774584,350.4769768352758,230.6366208553981,8.467909999440284,11.699658456966782,9.486763344653257,2,25.078238694642764
18.15962636580829,6.212887917586548,71.56490398741457,9.622022080273704,26.8,88.3,2000,0.8660254037844387,-0.4999999999999998,21.737871565179013,1299.5919173163925,444.6247273066493,174.7323258613279,25.078238694642764,8.467909999440284,15.08193571701662,2,27.82551189784206
17.964777401927655,7.22403303858536,82.18912490710676,12.782589910172128,26.8,88.3,2000,0.8660254037844387,-0.4999999999999998,22.074233647282995,1476.5093338154009,593.7369537413581,229.6363823563687,27.82551189784206,25.078238694642764,20.457220197308377,2,23.219487021316684
21.390093257849685,3.7300833257400137,77.84913329751608,11.565817812596784,26.8,88.3,2000,0.8660254037844387,-0.4999999999999998,25.282549922725487,1665.20022127664,290.3837540363764,247.39392161474424,23.219487021316684,27.82551189784206,25.374412537933846,2,26.16409726083786
20.68128709797745,5.471209176702781,78.75104060997054,8.165688903581705,26.8,88.3,2000,0.8660254037844387,-0.4999999999999998,24.618839128475976,1628.672880119282,430.8634160601642,168.87695656774193,26.16409726083786,23.219487021316684,25.73636539333221,2,26.649057419826125
20.045670976071,5.629057127430405,82.12567133760092,14.213405537917795,26.8,88.3,2000,0.8660254037844387,-0.4999999999999998,24.15195454295105,1646.2641863224928,462.2900955879294,284.9172508625656,26.649057419826125,26.16409726083786,25.344213900660232,2,28.84798638071432
18.064597597376217,7.469464898768995,81.9451434446553,11.715561240834685,26.8,88.3,2000,0.8660254037844387,-0.4999999999999998,22.161854769608983,1480.3060413869696,612.086372584443,211.63689944309613,28.84798638071432,26.649057419826125,27.220380353792777,2,29.91507382797497
23.80683117047655,6.661219541240392,83.92930044940852,12.57598159401142,26.8,88.3,2000,0.8660254037844387,-0.4999999999999998,28.003296192946976,1998.09068605527,559.071496236236,299.3942706116504,29.91507382797497,28.84798638071432,28.470705876171817,2,25.241942671364782
21.04514086401928,11.655961947986109,93.39469062377292,11.84586368007854,26.8,88.3,2000,0.8660254037844387,-0.4999999999999998,25.71487539520793,1965.5044201288017,1088.604960054632,249.2978698032227,25.241942671364782,29.91507382797497,28.001667626684704,2,23.74037790107932
17.563185468861604,8.566305889196446,79.96091064935256,12.871613109010603,26.8,88.3,2000,0.8660254037844387,-0.4999999999999998,21.56123100132924,1404.36830399365,684.9696198010596,226.0665283169836,23.74037790107932,25.241942671364782,26.29913146680637,2,25.904960257252096
20.116653825043446,6.9284679181323865,86.63055601525973,9.618989610380952,26.8,88.3,2000,0.8660254037844387,-0.4999999999999998,24.44818162580644,1742.7169060300153,600.2170280816977,193.5018841387232,25.904960257252096,23.74037790107932,24.962426943232074,2,22.53544844294136
21.17179113166316,7.7258536010674685,82.12029240572762,12.226649448800432,26.8,88.3,2000,0.8660254037844387,-0.4999999999999998,25.277805751949536,1738.6336784851696,634.4493568035043,258.8600683700672,22.53544844294136,25.904960257252096,24.060262200424265,2,25.677831917220463
17.907511103495036,7.560065146112656,70.48921552549575,11.275039879668736,26.8,88.3,2000,0.8660254037844387,-0.4999999999999998,21.431971879769826,1262.28640969947,532.9030614711236,201.9079018375172,25.677831917220463,22.53544844294136,24.70608020580465,2,26.06226811863417
20.99209537161164,5.262866958168642,70.94602274175404,13.252000477933231,26.8,88.3,2000,0.8660254037844387,-0.4999999999999998,24.539396508699333,1489.3056756314288,373.3794789010584,278.1872578974174,26.06226811863417,25.677831917220463,24.758516159598674,2,26.483541037423844
19.481506358977136,11.979823363668352,86.84458524074113,8.358855861266274,26.8,88.3,2000,0.8660254037844387,-0.4999999999999998,23.8237356210142,1691.86333961023,1040.3827912751185,162.84310361503222,26.483541037423844,26.06226811863417,26.074547024426167,2,25.14545600950373
20.556722152333275,5.674085702650496,75.77491700831033,10.994938313883576,26.8,88.3,2000,0.8660254037844387,-0.4999999999999998,24.34546800274879,1557.6839150559483,429.9533732163815,226.0198920005484,25.14545600950373,26.483541037423844,25.89708838852059,2,24.31961164934819
13.545725648350263,7.626283072456633,84.40453256719962,14.931008146326016,26.8,88.3,2000,1.0,6.123233995736766e-17,17.765952276710244,1143.320641632531,643.692857955849,202.25134000341504,24.31961164934819,25.14545600950373,25.316202898758593,2,24.52295288859166
14.108994957198457,11.028089297795043,95.0,13.215709959270097,26.8,88.3,2000,1.0,6.123233995736766e-17,18.85899495719845,1340.354520933853,1047.6684832905291,186.4603851711392,24.52295288859166,24.31961164934819,24.662673515814532,2,23.09583754273346
12.241361543970946,6.659460263675804,84.73498421700963,16.691836795276682,26.8,88.3,2000,1.0,6.123233995736766e-17,16.47811075482143,1037.2715772230868,564.289260336372,204.3308090439392,23.09583754273346,24.52295288859166,23.979467360224447,2,26.73584543542936
17.147263499719543,6.0682897447375215,86.06375739317501,12.94981877759124,26.8,88.3,2000,1.0,6.123233995736766e-17,21.450451369378293,1475.7579257967077,522.2598163825819,222.05395485297305,26.73584543542936,23.09583754273346,24.7848786222515,2,23.531952902823942
14.919684098711311,5.259770139323546,86.02483531928631,12.97842251378768,26.8,88.3,2000,1.0,6.123233995736766e-17,19.22092586467563,1283.4633676074152,452.4708600526077,193.6339640053149,23.531952902823942,26.73584543542936,24.454545293662264,2,24.55769444426652
13.697163992771102,7.153548675450999,82.43722153444544,14.636248919602874,26.8,88.3,2000,1.0,6.123233995736766e-17,17.819025069493375,1129.156142465701,589.7186769155927,200.47510169081943,24.55769444426652,23.531952902823942,24.941830927506615,2,23.075375813283213
14.275118117193736,5.881980554307354,74.64254819423276,15.74124018106778,26.8,88.3,2000,1.0,6.123233995736766e-17,18.007245526905375,1065.5311920409986,439.0460170024266,224.7080628958587,23.075375813283213,24.55769444426652,23.721674386791236,2,18.96923945365256
16.74013546137751,9.112684119504852,86.20335124114861,14.547441503699336,26.8,88.3,2000,1.0,6.123233995736766e-17,21.05030302343494,1443.0557770015328,785.5439099033138,243.5261413883922,18.96923945365256,23.075375813283213,22.20076990373411,2,24.359956625991845
10.001188570252854,12.703205488741126,73.88342026589123,11.531901879564662,26.8,88.3,2000,1.0,6.123233995736766e-17,13.695359583547416,738.9220182944194,938.5562698486368,115.3327252711795,24.359956625991845,18.96923945365256,22.13485729764255,2,24.65722594373128
12.194789456400612,11.62047382993352,75.04909411686972,12.96064220330614,26.8,88.3,2000,1.0,6.123233995736766e-17,15.9472441622441,915.20790164882,872.1060341453023,158.0523028890585,24.65722594373128,24.359956625991845,22.66214067445857,2,24.032691708364144
18.345144773675408,8.959358362291733,79.35990515393273,13.91634638351344,26.8,88.3,2000,1.0,6.123233995736766e-17,22.313140031372043,1455.868949274045,711.0138298715659,255.29738912616824,24.032691708364144,24.65722594373128,24.34995809269576,2,27.128842090777905
16.073019687140807,6.324384379977568,85.22544925895302,13.986321505033697,26.8,88.3,2000,1.0,6.123233995736766e-17,20.33429215008846,1369.830323784572,538.9985000698932,224.80242090108743,27.128842090777905,24.032691708364144,25.27291991429112,2,26.317722649287298
16.082925456409576,9.639630664164937,80.38791679418624,10.113436561782637,26.8,88.3,2000,1.0,6.123233995736766e-17,20.102321296118888,1292.8728733969529,774.9098277575772,162.65364633127732,26.317722649287298,27.128842090777905,25.82641881614313,2,27.832963277464483
12.90617803463612,9.194625848614214,94.48563323730396,15.0784299659976,26.8,88.3,2000,1.0,6.123233995736766e-17,17.63045969650132,1219.4484042759768,868.7600456863972,194.6049016239573,27.832963277464483,26.317722649287298,27.093176005843237,2,17.646264114832828
17.47656614286727,8.163863497031766,87.47066410079171,16.553322416952856,26.8,88.3,2000,1.0,6.123233995736766e-17,21.85009934790685,1528.686846718012,714.0985617135804,289.2952341040841,17.646264114832828,27.832963277464483,23.932316680528213,2,24.879041879597423
19.123007153272795,10.538052804745927,93.1925002064917,14.888790423801774,26.8,88.3,2000,1.0,6.123233995736766e-17,23.78263216359738,1782.1208480801172,982.0674881823052,284.7184457779408,24.879041879597423,17.646264114832828,23.452756423964924,2,22.37191168857075
24.59398909312221,4.832943531842593,37.00558214164072,13.242837618157672,26.7,89.2,180,-1.0,-1.8369701987210287e-16,26.44426820020425,910.11488357615,178.84588885351232,325.6942039429584,22.37191168857075,24.879041879597423,21.632405894333676,3,33.81908512005128
17.654660907971927,6.573523010741201,40.71737451236862,13.864200076543757,26.7,89.2,180,-1.0,-1.8369701987210287e-16,19.69052963359036,718.8514400787668,267.6565982940224,244.76775111165844,33.81908512005128,22.37191168857075,27.023346229406496,3,36.14387607110947
25.279929058742788,6.362934638584141,45.60346911121274,11.597051282154244,26.7,89.2,180,-1.0,-1.8369701987210287e-16,27.560102514303424,1152.852463964026,290.1718932473375,293.1726337034614,36.14387607110947,33.81908512005128,30.778290959910507,3,28.07263017881671
18.837618595935734,6.668756284592588,41.13551158653249,14.220189517978325,26.7,89.2,180,-1.0,-1.8369701987210287e-16,20.89439417526236,774.8950780157942,274.3227014126197,267.8745065015989,28.07263017881671,36.14387607110947,32.67853045665916,3,33.45738005967703
24.784930600128657,4.378586627242452,47.309549034238856,14.390482758156828,26.7,89.2,180,-1.0,-1.8369701987210287e-16,27.1504080518406,1172.563889536994,207.1489587421893,356.667116463265,33.45738005967703,28.07263017881671,32.55796210320108,3,33.9799755387499
21.78539571199154,5.774113508060912,32.432990783452006,12.30984879663529,26.7,89.2,180,-1.0,-1.8369701987210287e-16,23.407045251164146,706.5655383408765,187.2717701895453,268.1749271894827,33.9799755387499,33.45738005967703,31.836661925747887,3,34.6511736020116
20.18853539827476,3.5711469791427177,40.23470964765206,16.061657139756225,26.7,89.2,180,-1.0,-1.8369701987210287e-16,22.200270880657364,812.2798599609306,143.684061814897,324.2613337209211,34.6511736020116,33.9799755387499,34.02950973347952,3,31.535402413249404
20.64964345005124,4.589642315009321,38.66064063200031,13.538057705541435,26.7,89.2,180,-1.0,-1.8369701987210287e-16,22.58267548165125,798.32844460137,177.43851216999732,279.5560646256494,31.535402413249404,34.6511736020116,33.38885051800364,3,28.757735385907043
21.34421056697417,5.189061024158315,51.60078611734108,12.699304676433648,26.7,89.2,180,-1.0,-1.8369701987210287e-16,23.92424987284122,1101.3780443099256,267.7596280574241,271.0566330679596,28.757735385907043,31.535402413249404,31.64810380038936,3,27.044640093917344
23.340961234482425,2.7349651903600463,32.56992987187149,15.22683448703754,26.7,89.2,180,-1.0,-1.8369701987210287e-16,24.969457728076,760.2134705491635,89.07762445203636,355.4089534858233,27.044640093917344,28.757735385907043,29.112592631024608,3,32.847432863839096
21.55359549073039,7.858406533644521,32.19276817218788,12.757254462829628,26.7,89.2,180,-1.0,-1.8369701987210287e-16,23.163233899339787,693.8699029101977,252.98385974042463,274.9647022641448,32.847432863839096,27.044640093917344,29.54993611455451,3,36.35643442309751
26.048619246573704,2.152331647254736,46.51764934088317,13.007026733305084,26.7,89.2,180,-1.0,-1.8369701987210287e-16,28.374501713617864,1211.720535926296,100.12140883228123,338.8150869058695,36.35643442309751,32.847432863839096,32.082835793617996,3,25.820089266633268
22.211788906230467,6.047505617385326,60.81152467612388,11.653637582433422,26.7,89.2,180,-1.0,-1.8369701987210287e-16,25.252365140036662,1350.7327491720887,367.7580370806256,258.84813797072513,25.820089266633268,36.35643442309751,31.674652184523296,3,37.363879028771606
20.80497961061672,7.723419379837372,58.91119731038063,15.468287076172691,26.7,89.2,180,-1.0,-1.8369701987210287e-16,23.750539476135742,1225.6462588794875,454.995882996417,321.817397230939,37.363879028771606,25.820089266633268,33.1801342395008,3,28.6283443506826
18.58711586433326,3.510379255445628,51.41093178377944,16.946537776553775,26.7,89.2,180,-0.8660254037844386,0.5000000000000001,21.15766245352223,955.580945758442,180.4718684369097,314.9872611521056,28.6283443506826,37.363879028771606,30.6041042153625,3,28.74298439107608
18.226540821075528,3.3469869080577044,55.033323400912856,15.997783871691508,26.7,89.2,180,-0.8660254037844386,0.5000000000000001,20.97820699112117,1003.0671154861892,184.19581292976105,291.58426078412896,28.74298439107608,28.6283443506826,31.57840259017677,3,31.224134773013404
19.681240053009105,7.317010001095197,45.76803513095368,16.44976338227797,26.7,89.2,180,-0.8660254037844386,0.5000000000000001,21.96964180955679,900.7716861668532,334.8851707836644,323.7517419418117,31.224134773013404,28.74298439107608,29.531821171590707,3,33.40164245601113
18.663960661138027,6.6045422242505705,53.355106461423546,16.346770444145236,26.7,89.2,180,-0.8660254037844386,0.5000000000000001,21.331715984209204,995.8176080668404,352.38605350385626,305.0954805061805,33.40164245601113,31.224134773013404,31.12292054003355,3,33.39437216028311
17.5078750237401,4.537049674060055,65.04703366429374,16.736171281351496,26.7,89.2,180,-0.8660254037844386,0.5000000000000001,20.76022670695479,1138.83533605947,295.12162288515736,293.0147951698102,33.39437216028311,33.40164245601113,32.67338312976923,3,34.503457297081795
21.22444125651085,8.017221496423502,45.53124674106457,15.66321166187707,26.7,89.2,180,-0.8660254037844386,0.5000000000000001,23.50100359356408,966.375271791426,365.03409013142544,332.4429158058056,34.503457297081795,33.39437216028311,33.766490637792025,3,36.632625575274346
17.731382517058904,7.845159411012002,54.02740168872893,14.377202040142729,26.7,89.2,180,-0.8660254037844386,0.5000000000000001,20.432752601495352,957.9805257456468,423.8535788108575,254.9276688988104,36.632625575274346,34.503457297081795,34.84348501087976,3,29.870928155520406
15.612149987201889,6.509429054219852,61.539611920191966,20.34695021928895,26.7,89.2,180,-0.8660254037844386,0.5000000000000001,18.689130583211487,960.7656514522342,400.5877378187119,317.65963860566944,29.870928155520406,36.632625575274346,33.66900367595886,3,31.360351472392804
13.728651572042608,12.499039932012426,56.12794639683965,17.33485837119374,26.7,89.2,180,-0.8660254037844386,0.5000000000000001,16.53504889188459,770.5610195364959,701.5454433159517,237.9842306288249,31.360351472392804,29.870928155520406,32.621301734395864,3,27.22760865071776
14.212770666092428,6.650130279438315,47.68913572720902,15.774367053397714,26.7,89.2,180,-0.8660254037844386,0.5000000000000001,16.59722745245288,677.7947493549767,317.13896549975624,224.1974613327059,27.22760865071776,31.360351472392804,29.486296092876998,3,30.9447812386474
16.683767021849487,5.616090807139108,36.91252453652551,15.771113210417754,26.7,89.2,180,-0.8660254037844386,0.5000000000000001,18.529393248675763,615.8399595556943,207.30408971787767,263.12157847782254,30.9447812386474,27.22760865071776,29.844247120586,3,32.10601948274912
18.75281905219504,4.419439755977417,40.72218727411367,18.68815217662216,26.7,89.2,180,-0.8660254037844386,0.5000000000000001,20.78892841590072,763.6558093610531,179.9692533895756,350.45553618808015,32.10601948274912,30.9447812386474,30.092803124038102,3,26.36752748412965
17.793490479701905,2.937165242384104,46.27265668885466,19.49220524859203,26.7,89.2,180,-0.8660254037844386,0.5000000000000001,20.10712331414464,823.35207626365,135.91043889927622,346.8343685192178,26.36752748412965,32.10601948274912,29.80610940184207,3,34.10606015137335
18.85177441238607,6.261838419523942,42.54759665195675,17.73180842730661,26.7,89.2,180,-0.8660254037844386,0.5000000000000001,20.97915424498391,802.0976938718816,266.42617537363105,334.27605239523047,34.10606015137335,26.36752748412965,30.85986903941738,3,30.758402683644952
21.23442514993725,6.432254739738863,40.4892195377262,15.004529561391514,26.7,89.2,180,-0.8660254037844386,0.5000000000000001,23.25888612682356,859.7653016532238,260.4369742798667,318.6125598813889,30.758402683644952,34.10606015137335,30.41066343971599,3,28.856032801860064
18.170636285130048,4.607011421410585,41.03593667185871,17.783771157898634,26.7,89.2,180,-0.8660254037844386,0.5000000000000001,20.222433118722986,745.6490798839745,189.0530289355345,323.1424374881621,28.856032801860064,30.758402683644952,31.240165212292794,3,29.08289761714632
27.47368779418487,3.539567406896368,48.215417662110205,11.773908826556143,26.7,89.2,180,-0.8660254037844385,-0.5000000000000004,29.88445867729038,1324.6553317150426,170.66172086670076,323.472695218001,29.08289761714632,28.856032801860064,29.565777700883785,3,27.54279501537553
27.76621955429432,3.946548127107191,46.23565261558623,15.789661351767288,26.7,89.2,180,-0.8660254037844385,-0.5000000000000004,30.07800218507364,1283.7892817604495,182.4712282356205,438.41920378112616,27.54279501537553,29.08289761714632,28.493908478127313,3,29.267827209216502
28.634230134679733,3.866085467150637,30.704652732242472,10.088267019358348,26.7,89.2,180,-0.8660254037844385,-0.5000000000000004,30.16946277129185,879.2040925404538,118.70681170202973,288.8697594924065,29.267827209216502,27.54279501537553,28.631173280579457,3,22.16142688517777
25.734732507234856,2.153163911791512,56.536137278607015,10.8194282540696,26.7,89.2,180,-0.8660254037844385,-0.5000000000000004,28.561539371165207,1454.9423698572602,121.7315705003874,278.4350919997002,22.16142688517777,29.267827209216502,26.324016369923275,3,31.75358938500744
25.72510297074462,6.007971615538673,60.57771798822039,12.972371680376067,26.7,89.2,180,-0.8660254037844385,-0.5000000000000004,28.75398887015564,1558.3680329796982,363.9492102073346,333.7155972524457,31.75358938500744,22.16142688517777,27.727614493133913,3,30.11431634135356
22.39372064748812,0.9339506351218154,49.81650513240309,11.763087534844898,26.7,89.2,180,-0.8660254037844385,-0.5000000000000004,24.88454590410827,1115.5768995691928,46.52615660795704,263.41929620726626,30.11431634135356,31.75358938500744,28.009777537179602,3,29.11986071793028
23.612726336487043,5.940530868352798,55.684150468655055,9.994069686385028,26.7,89.2,180,-0.8660254037844385,-0.5000000000000004,26.396933859919795,1314.8546062961186,330.7934147370473,235.9872324923905,29.11986071793028,30.11431634135356,30.329255481430437,3,29.049660075063915
27.393908809021475,3.434583541620775,57.06448902500436,11.554463288297136,26.7,89.2,180,-0.8660254037844385,-0.5000000000000004,30.24713326027169,1563.2194085843764,195.99275481627933,316.5219136567981,29.049660075063915,29.11986071793028,29.427945711449258,3,26.677277075909693
28.25210050154434,3.9994350739558224,33.49523217865618,12.892882251070985,26.7,89.2,180,-0.8660254037844385,-0.5000000000000004,29.92686211047715,946.3106658339564,133.96200638561123,364.2510051118347,26.677277075909693,29.049660075063915,28.282265956301305,3,23.741800539385505
25.946957481501883,2.33847321867736,46.37495621276112,9.882646032790324,26.7,89.2,180,-0.8660254037844385,-0.5000000000000004,28.265705292139938,1203.2890170590244,108.44659312087713,256.4245964175438,23.741800539385505,26.677277075909693,26.489579230119716,3,25.54661383943825
24.355160135235604,6.344283855781738,47.6811484436568,10.986049518292075,26.7,89.2,180,-0.8660254037844385,-0.5000000000000004,26.73921755741844,1161.2820057772012,302.5027402962244,267.56699527163147,25.54661383943825,23.741800539385505,25.321897151577826,3,28.45712284739559
27.24441428808681,1.8245562855712567,55.99238622367338,10.886353570196809,26.7,89.2,180,-0.8660254037844385,-0.5000000000000004,30.04403359927048,1525.479767256322,102.1612602285367,296.5923267530348,28.45712284739559,25.54661383943825,25.915179075406456,3,28.70589287612565
26.32952168247304,4.203997924844831,49.066225239274495,11.365929796862748,26.7,89.2,180,-0.8660254037844385,-0.5000000000000004,28.782832944436763,1291.8902413145838,206.27430908587905,299.25949502796414,28.70589287612565,28.45712284739559,27.569876520986508,3,27.527731560477733
25.14151115940268,5.279329060674234,34.89449710924125,11.69325899912291,26.7,89.2,180,-0.8660254037844385,-0.5000000000000004,26.886236014864743,877.3003884737334,184.2195326464304,293.98620161623444,27.527731560477733,28.70589287612565,28.230249094666334,3,27.90181839353769
26.028546135672872,2.1943436823395053,44.42320142089699,12.029477685435047,26.7,89.2,180,-0.8660254037844385,-0.5000000000000004,28.24970620671772,1156.271347678106,97.47977138724065,313.10981492339346,27.90181839353769,27.527731560477733,28.045147610047035,3,28.69961756259087
25.071191475381227,5.026344307636588,53.94661599857199,10.622691670933254,26.7,89.2,180,-0.8660254037844385,-0.5000000000000004,27.768522275309827,1352.505939149063,271.15426624067925,266.32353686590494,28.69961756259087,27.90181839353769,28.04305583886877,3,30.30553647531798
11.841533137913476,10.105935844221904,49.1232673856156,17.98077376718506,26.7,89.2,180,-0.5000000000000004,0.8660254037844384,14.297696507194257,581.6947985893514,496.4365886575895,212.9199284094472,30.30553647531798,28.69961756259087,28.968990810482193,3,15.194189408232656
18.818392322159585,9.936553266736858,51.42142483472998,21.1176769653093,26.7,89.2,180,-0.5000000000000004,0.8660254037844384,21.389463563896086,967.668546304389,510.9517269218,397.40073006582287,15.194189408232656,30.30553647531798,24.733114482047174,3,15.803789279155907
14.288280471636847,5.931636766310556,67.92300551575553,18.712671718889624,26.7,89.2,180,-0.5000000000000004,0.8660254037844384,17.684430747424624,970.5029532856516,402.8945967955702,267.37190189316175,15.803789279155907,15.194189408232656,20.434505054235526,3,13.95049798753439
16.09800836607666,7.257363780139726,60.91048384710002,20.119203648726213,26.7,89.2,180,-0.5000000000000004,0.8660254037844384,19.14353255843166,980.5374785523932,442.0495393027295,323.8791086559946,13.95049798753439,15.803789279155907,14.982825558307661,3,12.808666749546898
15.318206383293465,8.879427887388495,55.34881957097962,21.73872898335276,26.7,89.2,180,-0.5000000000000004,0.8660254037844384,18.085647361842447,847.8446412599383,491.4658520325905,332.9983370774809,12.808666749546898,13.95049798753439,14.187651338745743,3,13.721619128209646
10.768165967065883,6.3381504968227205,53.31095808937844,17.715383131979856,26.7,89.2,180,-0.5000000000000004,0.8660254037844384,13.433713871534804,574.0612445697205,337.8928755002892,190.7621857353185,13.721619128209646,12.808666749546898,13.493594621763654,3,13.597825529827276
17.6804772554808,4.451473159236212,63.26036963473325,20.886210127948008,26.7,89.2,180,-0.5000000000000004,0.8660254037844384,20.84349573721746,1118.4735265002091,281.60183747237653,369.2781631203775,13.597825529827276,13.721619128209646,13.376037135861282,3,13.827127873470014
16.347898972606007,8.778146085196475,40.59153812677808,18.3821417231056,26.7,89.2,180,-0.5000000000000004,0.8660254037844384,18.37747587894491,663.586364439253,356.3184514996805,300.50939578945605,13.827127873470014,13.597825529827276,13.715524177168987,3,13.56090021282434
14.96200876849192,8.347565285022874,59.1689794270347,20.16397580163172,26.7,89.2,180,-0.5000000000000004,0.8660254037844384,17.920457739843656,885.2867890100111,493.9169186153474,301.6935827516727,13.56090021282434,13.827127873470014,13.661951205373887,3,13.131368753826088
16.390288106589303,9.651597410560678,42.1395210850482,18.05206525485731,26.7,89.2,180,-0.5000000000000004,0.8660254037844384,18.49726416084172,690.6788912576346,406.7136925867183,295.8785504460617,13.131368753826088,13.56090021282434,13.506465613373491,3,14.24902364661752
14.119355022635174,9.525235496733016,57.10049063201539,19.486537289757948,26.7,89.2,180,-0.5000000000000004,0.8660254037844384,16.974379554235945,806.2220992000792,543.895620248944,275.1373381559115,14.24902364661752,13.131368753826088,13.647097537755991,3,13.607504491070117
12.692972983989836,11.061803041819488,47.79503412281704,20.153740311119208,26.7,89.2,180,-0.5000000000000004,0.8660254037844384,15.08272469013069,606.6610768897891,528.6992538436438,255.810881295383,13.607504491070117,14.24902364661752,13.66263229717125,3,13.039522444274262
15.113569746316417,8.237858946744927,44.91868187861935,18.27161031064741,26.7,89.2,180,-0.5000000000000004,0.8660254037844384,17.359503840247385,678.881631485113,370.0337653897736,276.1492568074838,13.039522444274262,13.607504491070117,13.632016860653975,3,14.959467564511298
18.68049298929797,7.394649551852963,60.75806353718545,17.25624298589989,26.7,89.2,180,-0.5000000000000004,0.8660254037844384,21.718396166157248,1134.9905799497135,449.28458730670224,322.3551261197252,14.959467564511298,13.039522444274262,13.868831499951902,3,16.548082822116786
14.693555988170424,9.61975735915648,53.97960703697972,21.46288481807765,26.7,89.2,180,-0.5000000000000004,0.8660254037844384,17.39253634001941,793.1523782172998,519.2707220383606,315.3660997420769,16.548082822116786,14.959467564511298,14.84902427696746,3,15.239973849801906
15.90859321150186,10.57965432120042,60.203600740289104,16.941531970066904,26.7,89.2,180,-0.5000000000000004,0.8660254037844384,18.91877324851632,957.7545940449317,636.9332847238245,269.5159404914481,15.239973849801906,16.548082822116786,15.582508078810008,3,15.119031680757372
28.88546864157864,2.607799162837148,35.60607791781648,10.129915671834942,26.7,89.2,180,-0.4999999999999997,-0.8660254037844388,30.66577253746946,1028.4982471446936,92.85350018599608,292.60736148062426,15.119031680757372,15.239973849801906,15.635696117558696,3,29.10918152963386
29.57436177650757,3.59751551688022,52.66550984867565,8.0,26.7,89.2,180,-0.4999999999999997,-0.8660254037844388,32.207637268941355,1557.548841408956,189.4649888850187,236.59489421206047,29.10918152963386,15.119031680757372,19.82272902006439,3,27.784732861527512
29.26512518281474,6.737417592348715,46.94765947776288,10.513665418986935,26.7,89.2,180,-0.4999999999999997,-0.8660254037844388,31.612508156702884,1373.9291316568897,316.3059868850765,307.68373461688304,27.784732861527512,29.10918152963386,24.004315357306258,3,24.115193551172773
29.747840544132536,3.61970721189571,60.38058960962186,11.65367047963619,26.7,89.2,180,-0.4999999999999997,-0.8660254037844388,32.76687002461363,1796.1921516677369,218.5600556684634,346.67153118208194,24.115193551172773,27.784732861527512,27.003035980778055,3,27.613923239079508
27.620051864020663,0.4409567274198811,59.08962079619985,10.864335395037806,26.7,89.2,180,-0.4999999999999997,-0.8660254037844388,30.57453290383065,1632.058391016354,26.05596581077404,300.0735070790596,27.613923239079508,24.115193551172773,26.504616550593273,3,14.879634248692176
32.73058460178152,3.9809008935035535,49.3327458647163,8.0,26.7,89.2,180,-0.4999999999999997,-0.8660254037844388,35.197221895017336,1614.6896121632844,196.3887720918329,261.8446768142522,14.879634248692176,27.613923239079508,22.202917012981498,3,20.608672247916765
30.867117631328984,4.956611244876164,49.83018152124959,11.466813916207636,26.7,89.2,180,-0.4999999999999997,-0.8660254037844388,33.358626707391466,1538.114074606887,246.9888380624461,353.9474940081413,20.608672247916765,14.879634248692176,21.03407657856283,3,18.748122683116684
28.410611104941307,7.299516862142228,59.48735558352992,8.360627100249628,26.7,89.2,180,-0.4999999999999997,-0.8660254037844388,31.384978884117803,1690.0721251450273,434.2289551662273,237.5305251386253,18.748122683116684,20.608672247916765,18.07880972657522,3,28.25917541123511
30.171347009987613,3.363001849045527,58.0168031512175,8.7599533567659,26.7,89.2,180,-0.4999999999999997,-0.8660254037844388,33.07218716754849,1750.4451002855262,195.1106162732548,264.2995925182898,28.25917541123511,18.748122683116684,22.538656780756195,3,20.233155671282304
31.3060299732248,5.518830215534923,57.81158566033267,10.409072934768009,26.7,89.2,180,-0.4999999999999997,-0.8660254037844388,34.19660925624143,1809.8512334820275,319.0523257502294,325.8667492893303,20.233155671282304,28.25917541123511,22.41348458854471,3,22.9040358502149
27.538776968097395,3.283657644906587,50.80729281652327,9.032379885343952,26.7,89.2,180,-0.4999999999999997,-0.8660254037844388,30.07914160892356,1399.1707052270513,166.83375547398416,248.7406951536162,22.9040358502149,20.233155671282304,23.79878897757745,3,26.084786326002924
28.021706412229484,7.007157590074286,57.613958116818566,9.254559116709611,26.7,89.2,180,-0.4999999999999997,-0.8660254037844388,30.902404318070413,1614.4414195959755,403.7100839124872,259.3285385430585,26.084786326002924,22.9040358502149,23.073992615833387,3,27.80325278768117
29.131915820799485,7.20026282412317,45.0871433947688,8.0,26.7,89.2,180,-0.4999999999999997,-0.8660254037844388,31.386272990537925,1313.47486597672,324.63928243126435,233.05532656639588,27.80325278768117,26.084786326002924,25.597358321299676,3,28.841518895051674
24.504479407616497,7.169089923725446,43.60834278039884,8.403869083441746,26.7,89.2,180,-0.4999999999999997,-0.8660254037844388,26.68489654663644,1068.599737662565,312.63213081732266,205.9324368995032,28.841518895051674,27.80325278768117,27.576519336245266,3,32.06324975434284
24.98799559485184,5.887417197731414,45.31062456575376,9.899993755893156,26.7,89.2,180,-0.4999999999999997,-0.8660254037844388,27.253526823139527,1132.2216870490406,266.7625503083702,247.3810003613189,32.06324975434284,28.841518895051674,29.56934047902524,3,34.57412719811328
25.47658977269432,2.7470932164614847,64.552875224379,8.0,26.7,89.2,180,-0.4999999999999997,-0.8660254037844388,28.704233533913268,1644.5871207394266,177.33276563197617,203.81271818155457,34.57412719811328,32.06324975434284,31.82629861583594,3,27.17855000950561
14.401138394461883,11.418595042417072,56.87342544817282,20.09251977477196,26.7,89.2,180,-2.4492935982947064e-16,1.0,17.244809666870527,819.042070846247,649.4146138677831,289.3551579699531,27.17855000950561,34.57412719811328,31.271975653987255,3,13.026560463806174
14.135711021054806,10.82686769380408,68.8778625383558,18.73046501751369,26.7,89.2,180,-2.4492935982947064e-16,1.0,17.579604147972596,973.637560590134,745.7315047348028,264.7684407775498,13.026560463806174,27.17855000950561,24.926412557141703,3,15.878193533435006
16.434317041650992,12.163952447404544,72.98648718518368,19.352569530922928,26.7,89.2,180,-2.4492935982947064e-16,1.0,20.08364140091017,1199.483070157706,887.8041594236754,318.0462632417824,15.878193533435006,13.026560463806174,18.69443466891561,3,14.828544293360116
12.12912259591081,11.293284575909706,60.71229243908762,21.21208669742172,26.7,89.2,180,-2.4492935982947064e-16,1.0,15.164737217865191,736.3868380724826,685.6411957704677,257.2840000681169,14.828544293360116,15.878193533435006,14.57776609686711,3,13.203337488052645
12.754701276531096,9.510535254034128,59.060235314415614,18.01996623316894,26.7,89.2,180,-2.4492935982947064e-16,1.0,15.707713042251877,753.2956587570037,561.6944500693011,229.83928631724712,13.203337488052645,14.828544293360116,14.636691771615935,3,13.56590461512664
13.737486065815393,9.275024109477178,63.201152145535374,19.02499612876481,26.7,89.2,180,-2.4492935982947064e-16,1.0,16.89754367309216,868.2249469427708,586.1922098965758,261.3556192210983,13.56590461512664,13.203337488052645,13.865928798846477,3,14.139186733314904
11.818067139569605,8.299691767650472,56.15436265211251,19.677618454566897,26.7,89.2,180,-2.4492935982947064e-16,1.0,14.625785272175229,663.6360280024055,466.06390142139736,232.5514160429055,14.139186733314904,13.56590461512664,13.636142945498074,3,11.504966920301502
12.424432496183522,7.87962514705741,63.65484945132168,19.291864133454308,26.7,89.2,180,-2.4492935982947064e-16,1.0,15.607174968749607,790.875380062671,501.5763524687879,239.69046365164704,11.504966920301502,14.139186733314904,13.070019422914362,3,12.222123681851478
15.111208932006896,9.30048170607014,63.42129263754139,19.77309007451973,26.7,89.2,180,-2.4492935982947064e-16,1.0,18.282273563883965,958.3724037838386,589.8485719507746,298.79529534745944,12.222123681851478,11.504966920301502,12.622092445155973,3,14.826856393512193
12.461715300425404,7.241514141341913,71.63579873545399,19.709260791840794,26.7,89.2,180,-2.4492935982947064e-16,1.0,16.043505237198104,892.7049291598017,518.7516495691132,245.61119676975693,14.826856393512193,12.222123681851478,12.851315665221739,3,14.642735422259063
15.701795924335944,8.84657676676085,68.12371879943112,19.845167370601256,26.7,89.2,180,-2.4492935982947064e-16,1.0,19.1079818643075,1069.6647301955154,602.6617079963967,311.60476813747147,14.642735422259063,14.826856393512193,13.897238499207589,3,16.60223279887584
13.34276304850203,10.327695205724329,60.64708798308646,19.75581064089156,26.7,89.2,180,-2.4492935982947064e-16,1.0,16.375117447656354,809.1997245399775,626.3446398040635,263.5971002124911,16.60223279887584,14.642735422259063,15.357274871549043,3,14.749097228692364
13.249607239352128,8.485890150047174,75.25315036003015,20.83653659108769,26.7,89.2,180,-2.4492935982947064e-16,1.0,17.012264757353634,997.0746857943096,638.5899674001988,276.07592606030096,14.749097228692364,16.60223279887584,15.331355149942434,3,13.255348579377062
12.087127246363982,10.066132899320396,76.87292822828772,20.53342002317849,26.7,89.2,180,-2.4492935982947064e-16,1.0,15.930773657778367,929.1728652959192,773.8131119058626,248.19006062319647,13.255348579377062,14.749097228692364,14.868892868981765,3,13.777268199425956
11.097648619896882,9.097142447867531,54.980852444695046,20.54544782393745,26.7,89.2,180,-2.4492935982947064e-16,1.0,13.846691242131634,610.1581812536241,500.1686465945766,228.00616068848285,13.777268199425956,13.255348579377062,13.92723800249847,3,16.334285992547567
16.103895235445837,7.125199088930816,61.92822982438119,20.375300309377543,26.7,89.2,180,-2.4492935982947064e-16,1.0,19.20030672666489,997.285725208447,441.250966723779,328.1217015729631,16.334285992547567,13.777268199425956,14.455634257116872,3,15.73527077331234
31.827169252466497,3.2723217550796684,76.94150855167618,8.0,26.7,89.2,180,1.2246467991473532e-16,-1.0,35.67424468005031,2448.830415214296,251.77737230229832,254.617354019732,15.73527077331234,16.334285992547567,15.28227498842863,3,20.8674855837874
29.034512955635936,2.9720224399229336,65.98136252795837,10.43701768770434,26.7,89.2,180,1.2246467991473532e-16,-1.0,32.33358108203385,1915.7367251485184,196.09809004978248,303.0337252718531,20.8674855837874,15.73527077331234,17.64568078321578,3,27.73850962657996
30.38876860315468,4.172347070818981,67.70787074769353,8.0,26.7,89.2,180,1.2246467991473532e-16,-1.0,33.77416214053935,2057.5588167639644,282.5007361855293,243.11014882523745,27.73850962657996,20.8674855837874,21.447088661226577,3,21.57579493313889
30.70126019854712,5.857053916735685,70.07777174849416,9.664549762934335,26.7,89.2,180,1.2246467991473532e-16,-1.0,34.20514878597183,2151.4759045849137,410.4492874956271,296.71385697365395,21.57579493313889,27.73850962657996,23.393930047835426,3,21.005582844196923
30.379163233197488,6.88077184157464,43.3741416560061,9.01681297929636,26.7,89.2,180,1.2246467991473532e-16,-1.0,32.54787031599779,1317.6701294676402,298.44757255911645,273.92323334125786,21.005582844196923,21.57579493313889,23.439962467971935,3,19.38988226187689
29.361892128666764,3.28662794283338,73.60805710878878,8.031967473007914,26.7,89.2,180,1.2246467991473532e-16,-1.0,33.042294984106206,2161.271832628999,241.92229731142044,235.83376252341853,19.38988226187689,21.005582844196923,20.657086679737578,3,24.72689742023385
30.3197127839948,2.823329374588442,75.12566272691761,8.0,26.7,89.2,180,1.2246467991473532e-16,-1.0,34.07599592034068,2277.7885165874054,212.10449036233047,242.5577022719584,24.72689742023385,19.38988226187689,21.707454175435895,3,23.88811675370009
29.12722821894686,4.659460048588697,64.29309632635731,8.0,26.7,89.2,180,1.2246467991473532e-16,-1.0,32.34188303526473,1872.6796896005435,299.57111373272664,233.0178257515749,23.88811675370009,24.72689742023385,22.66829881193695,3,27.260170085567943
30.616101079008203,4.095382521596775,67.15301552996085,8.0,26.7,89.2,180,1.2246467991473532e-16,-1.0,33.973751855506244,2055.963511225489,275.0172860739185,244.9288086320656,27.260170085567943,23.88811675370009,25.291728086500637,3,23.517433639958856
28.71703680955409,5.74252474578824,71.40327620182146,9.131436994720362,26.7,89.2,180,1.2246467991473532e-16,-1.0,32.28720061964517,2050.4905110104646,410.0350805193122,262.2278123015086,23.517433639958856,27.260170085567943,24.88857349307564,3,26.47157005830403
30.78483193435753,3.860752405025361,64.79540550246405,8.0,26.7,89.2,180,1.2246467991473532e-16,-1.0,34.02460220948073,1994.715668511901,250.1590176282316,246.27865547486024,26.47157005830403,23.517433639958856,25.749724594610285,3,24.27845203124586
28.898926301016832,2.437254804612041,60.93487841882151,8.0,26.7,89.2,180,1.2246467991473532e-16,-1.0,31.945670221957908,1760.952560586944,148.5138251947233,231.19141040813463,24.27845203124586,26.47157005830403,24.75581857650293,3,31.02191660691166
31.34572247193364,6.062307923923115,62.16767431247181,8.0,26.7,89.2,180,1.2246467991473532e-16,-1.0,34.45410618755723,1948.6906657243,376.8795845963693,250.7657797754692,31.02191660691166,24.27845203124586,27.257312898820526,3,19.869556928270868
29.61992192999701,4.163788810819503,63.55686654590074,10.059272712014796,26.7,89.2,180,1.2246467991473532e-16,-1.0,32.79776525729205,1882.5494252048184,264.6373697745699,297.95487240242755,19.869556928270868,31.02191660691166,25.05664185547614,3,28.92002880178305
26.266920097278767,6.893707036114202,59.52296139391997,9.185938398744153,26.7,89.2,180,1.2246467991473532e-16,-1.0,29.24306816697477,1563.4848708875047,410.3338577716201,241.28630993833752,28.92002880178305,19.869556928270868,26.603834112321866,3,22.588375879238164
31.358746565913005,2.581091586123046,70.3305000072737,8.693886939280926,26.7,89.2,180,1.2246467991473532e-16,-1.0,34.87527156627669,2205.4763255820385,181.52946181660096,272.62939720161165,22.588375879238164,28.92002880178305,23.792653869764038,3,22.841742315794043
27.17223805676239,4.5697821566127175,73.18816886478778,9.354895837517637,26.7,89.2,180,0.4999999999999999,-0.8660254037844387,30.83164650000177,1988.6863473325388,334.4539881534657,254.1934566932448,22.841742315794043,22.588375879238164,24.78338233227176,3,33.595889492571935
28.562410348065832,8.973295702988807,69.83228656700372,8.0,26.7,89.2,180,0.4999999999999999,-0.8660254037844387,32.05402467641602,1994.5784244704853,626.6257569815775,228.49928278452663,33.595889492571935,22.841742315794043,26.342002562534727,3,34.51487760847978
31.30297533340501,11.402670148729666,79.63706538570861,9.292542052166617,26.7,89.2,180,0.4999999999999999,-0.8660254037844387,35.28482860269044,2492.8770933935984,908.075188206052,290.8842146436004,34.51487760847978,33.595889492571935,30.3175031389486,3,20.46726839023165
26.92754058106436,4.868052923642734,79.11126279727132,9.073220250202764,26.7,89.2,180,0.4999999999999999,-0.8660254037844387,30.883103720927927,2130.2717393927705,385.11781415332536,244.31950648826987,20.46726839023165,34.51487760847978,29.526011830427795,3,34.096940489689395
27.073496961894364,6.700280830162008,82.80158103825944,9.555488832203135,26.7,89.2,180,0.4999999999999999,-0.8660254037844387,31.213576013807334,2241.728352679367,554.7938461377557,258.7004978680671,34.096940489689395,20.46726839023165,29.693028829466954,3,33.89369854639565
28.60793763914223,7.566223017593369,76.70557302590151,8.0,26.7,89.2,180,0.4999999999999999,-0.8660254037844387,32.443216290437306,2194.3882496996607,580.3714722062651,228.86350111313783,33.89369854639565,34.096940489689395,29.485969142105574,3,31.71958522732968
28.67112820739765,2.45984477369716,70.61020073807231,8.94311492900504,26.7,89.2,180,0.4999999999999999,-0.8660254037844387,32.201638244301265,2024.474118111356,173.69013325525452,256.4091947029954,31.71958522732968,33.89369854639565,33.236741421138255,3,28.234592402058134
27.98052453613368,6.194638322935879,79.3702739840296,8.813480982009775,26.7,89.2,180,0.4999999999999999,-0.8660254037844387,31.94903823533516,2220.8218986497927,491.6701409233904,246.6058208658721,28.234592402058134,31.71958522732968,31.282625391927837,3,30.85470256955023
29.43568255326466,7.158929208223304,83.68629059951478,8.950822307499712,26.7,89.2,180,0.4999999999999999,-0.8660254037844387,33.6199970832404,2463.3630841475733,599.1042301007296,263.4735640342413,30.85470256955023,28.234592402058134,30.26962673297936,3,36.62364766283709
30.834453321027684,7.249713704887023,80.80076629478398,9.578115007965806,26.7,89.2,180,0.4999999999999999,-0.8660254037844387,34.87449163576689,2491.447456619784,585.782422772669,295.33594011655634,36.62364766283709,30.85470256955023,31.90431421148183,3,25.702887240032045
29.88091876898795,7.2344831830256915,83.48167925999104,12.943337635659985,26.7,89.2,180,0.4999999999999999,-0.8660254037844387,34.0550027319875,2494.5092766664984,603.9468046971498,386.75882049074056,25.702887240032045,36.62364766283709,31.06041249080647,3,29.36953105994043
28.929259147988702,7.425956362550668,63.449161470931664,8.0,26.7,89.2,180,0.4999999999999999,-0.8660254037844387,32.10171722153529,1835.537234915162,471.1707043235697,231.4340731839096,29.36953105994043,25.702887240032045,30.565355320936533,3,29.123368076303443
30.358965861158,7.659914316108306,78.50780591047781,8.833272563834353,26.7,89.2,180,0.4999999999999999,-0.8660254037844387,34.28435615668189,2383.4157994706143,601.3630664199213,268.16902020775075,29.123368076303443,29.36953105994043,28.065262125425317,3,28.323025320440244
25.712881176039392,6.593024022483887,91.18884975383712,8.814047344133364,26.7,89.2,180,0.4999999999999999,-0.8660254037844387,30.27232366373125,2344.728058300123,601.2102770097221,226.6345520396868,28.323025320440244,29.123368076303443,28.938641485561387,3,32.0219174611928
27.629457153632657,8.866150929238461,86.3568240361091,8.0,26.7,89.2,180,0.4999999999999999,-0.8660254037844387,31.947298355438114,2385.9921696294714,765.652635673831,221.0356572290613,32.0219174611928,28.323025320440244,29.822770285978844,3,32.60626787276172
27.576787071952285,6.291847699668487,66.30203248909758,8.0,26.7,89.2,180,0.4999999999999999,-0.8660254037844387,30.891888696407165,1828.3970323895064,417.1622905998739,220.61429657561828,32.60626787276172,32.0219174611928,30.983736884798265,3,34.62364509433441
16.098996982863923,8.832375799543382,65.6406653143177,14.88775910278416,26.7,89.2,180,0.4999999999999999,0.8660254037844387,19.38103024857981,1056.748872848381,579.7630237881064,239.67798887732712,34.62364509433441,32.60626787276172,33.083943476096316,3,15.740352781178997
15.929429770385635,11.283988693393493,76.4115324422178,18.645610664081648,26.7,89.2,180,0.4999999999999999,0.8660254037844387,19.750006392496523,1217.192139685852,862.2268681228558,297.0139455994421,15.740352781178997,34.62364509433441,27.656755249425057,3,15.790226535488394
13.784697105089563,11.957699114029529,72.32179734314768,18.59067972784364,26.7,89.2,180,0.4999999999999999,0.8660254037844387,17.400786972246948,996.9340704709618,864.8022920151801,256.26688902605343,15.790226535488394,15.740352781178997,22.05140813700061,3,13.4458106062354
15.879256950397709,9.849386266085371,67.77038511415897,19.68269134528904,26.7,89.2,180,0.4999999999999999,0.8660254037844387,19.26777620610566,1076.1433588551383,667.4967003907138,312.5465133472138,13.4458106062354,15.790226535488394,14.992129974300942,3,19.59568186936048
15.80637139652717,13.57414483245745,73.21227214102518,18.67217722852933,26.7,89.2,180,0.4999999999999999,0.8660254037844387,19.46698500357843,1157.2203642446634,993.7939855555654,295.13936805591203,19.59568186936048,13.4458106062354,16.277239670361435,3,18.18963192337733
13.848258587913918,9.82370388477038,71.56558220386192,18.157520952895847,26.7,89.2,180,0.4999999999999999,0.8660254037844387,17.426537698107015,991.0586883536904,703.0390879119324,251.4500454711668,18.18963192337733,19.59568186936048,17.077041466324413,3,14.314309318716516
15.409106113657945,10.781658778006022,66.27680738045723,21.31255099232604,26.7,89.2,180,0.4999999999999999,0.8660254037844387,18.722946482680804,1021.2663577999334,714.573922071721,328.4073597934979,14.314309318716516,18.18963192337733,17.366541037151453,3,13.635697253442428
14.455728201353008,11.457098543405884,85.48246996895686,21.289678138891567,26.7,89.2,180,0.4999999999999999,0.8660254037844387,18.72985169980085,1235.7113518515614,979.3810821680728,307.75780067010345,13.635697253442428,14.314309318716516,15.379879498512105,3,13.961372782268352
11.113197148972914,11.393597991102272,66.41805579408155,19.55502271887336,26.7,89.2,180,0.4999999999999999,0.8660254037844387,14.43409993867699,738.116948291111,756.7406270683662,217.318822727484,13.961372782268352,13.635697253442428,13.97045978480911,3,11.17746284901807
14.681980209019128,12.165317672601336,79.7484537782469,14.785569470710213,26.7,89.2,180,0.4999999999999999,0.8660254037844387,18.66940289793148,1170.8652200720976,970.1652741111378,217.0814383480448,11.17746284901807,13.961372782268352,12.924844294909628,3,12.885241477578042
14.542767087103268,5.890052750053698,80.08334424167381,17.337264830426424,26.7,89.2,180,0.4999999999999999,0.8660254037844387,18.54693429918696,1164.633422862975,471.6951219841678,252.1318043563184,12.885241477578042,11.17746284901807,12.674692369621502,3,11.530656622752725
15.602521468523747,8.73226016364404,55.48946273378857,18.99473367942717,26.7,89.2,180,0.4999999999999999,0.8660254037844387,18.376994605213177,865.7755335807846,484.5484249322725,296.3657400221535,11.530656622752725,12.885241477578042,11.864453649782957,3,13.53957202271196
15.153635120515933,7.89340256730426,80.92659476336101,18.42633207299925,26.7,89.2,180,0.4999999999999999,0.8660254037844387,19.199964858683984,1226.332088589828,638.7861908683052,279.2259128436906,13.53957202271196,11.530656622752725,12.651823374347586,3,14.580593331107297
12.848880855850425,10.390787035731217,78.98577398797428,20.906375980488534,26.7,89.2,180,0.4999999999999999,0.8660254037844387,16.79816955524914,1014.8787992786112,820.7243563614392,268.62353410091026,14.580593331107297,13.53957202271196,13.21694065885734,3,14.463806250879324
14.44568070867818,9.896360289713911,64.99673812824226,20.10292541223968,26.7,89.2,180,0.4999999999999999,0.8660254037844387,17.695517615090292,938.9221261061568,643.2311381732708,290.4004418155871,14.463806250879324,14.580593331107297,14.194657201566207,3,15.624566055213016
16.84557154991909,9.0562538915051,54.166289146982926,19.494574642901373,26.7,89.2,180,0.4999999999999999,0.8660254037844387,19.55388600726824,912.4620994191068,490.5436668757546,328.39725198223346,15.624566055213016,14.463806250879324,14.889655212399893,3,13.634951087513391
17.944970189898726,13.442280672206692,95.0,16.314355615120594,26.7,89.2,180,0.8660254037844386,0.5000000000000001,22.69497018989873,1704.772168040379,1277.016663859636,292.76062518074593,13.634951087513391,15.624566055213016,14.574441131201922,3,13.608120769559298
16.34481955870256,10.070065244959954,73.7433959798039,12.617974274758089,26.7,89.2,180,0.8660254037844386,0.5000000000000001,20.031989357692755,1205.3225009358466,742.6008089015429,206.23851271727176,13.608120769559298,13.634951087513391,14.289212637428582,3,13.955259793349068
16.089754841301293,10.744975610054126,95.0,15.398700628618592,26.7,89.2,180,0.8660254037844386,0.5000000000000001,20.839754841301293,1528.5267099236228,1020.772682955142,247.76131798906525,13.955259793349068,13.608120769559298,13.732777216807264,3,13.685997343122397
15.641920417680396,12.273136255790332,78.60356969730162,17.30173948380926,26.7,89.2,180,0.8660254037844386,0.5000000000000001,19.57209890254548,1229.5107817507862,964.7123210864949,270.6324320931831,13.685997343122397,13.955259793349068,13.749792635343598,3,14.646706872452569
17.961160788224536,9.291417913198654,88.72004329122517,14.57553408734512,26.7,89.2,180,0.8660254037844386,0.5000000000000001,22.397162952785795,1593.5149626919367,824.3349994958495,261.7935113170533,14.646706872452569,13.685997343122397,14.095988002974691,3,14.96466657843288
15.187365072656332,9.731566333609816,70.28274508344074,18.140083945534403,26.7,89.2,180,0.8660254037844386,0.5000000000000001,18.70150232682837,1067.4097078906566,683.9611958876927,275.50007732946307,14.96466657843288,14.646706872452569,14.432456931335961,3,16.040806165495955
17.802823735431478,9.9354767247569,87.98622346174122,17.349824196895252,26.7,89.2,180,0.8660254037844386,0.5000000000000001,22.202134908518538,1566.4032274356646,874.1850753033893,308.87586201805016,16.040806165495955,14.96466657843288,15.21739320546048,3,16.246812696402312
16.875663946843396,9.47933373137815,68.85300253792116,15.791194900255716,26.7,89.2,180,0.8660254037844386,0.5000000000000001,20.31831407373945,1161.940132561113,652.6805894643813,266.4868984558227,16.246812696402312,16.040806165495955,15.750761813443726,3,15.018478658263168
22.148165339499947,8.059008295694358,62.07820789371813,16.570993667179835,26.7,89.2,180,0.8660254037844386,0.5000000000000001,25.25207573418585,1374.91841240992,500.2887923973134,367.0171075805055,15.018478658263168,16.246812696402312,15.768699173387155,3,15.052545225676464
19.31180155305952,10.287249868304755,82.17083802412158,16.417222320366673,26.7,89.2,180,0.8660254037844386,0.5000000000000001,23.4203434542656,1586.8669173704334,845.311942642136,317.0461395033805,15.052545225676464,15.018478658263168,15.439278860113994,3,14.49312305674236
18.119865260532656,10.452531354783588,93.20577684239797,15.036769401321331,26.7,89.2,180,0.8660254037844386,0.5000000000000001,22.78015410265256,1688.876117887526,974.2363048921268,272.4642355056428,14.49312305674236,15.052545225676464,14.85471564689401,3,14.523729139464058
20.84549627219988,11.75020828335039,90.04368795241813,18.85419608270933,26.7,89.2,180,0.8660254037844386,0.5000000000000001,25.34768066982079,1877.0053615472607,1058.032088041921,393.0250741574429,14.523729139464058,14.49312305674236,14.68979914062764,3,11.478631375919978
17.542800169319964,7.90907872965018,61.82183880532628,16.713458356099746,26.7,89.2,180,0.8660254037844386,0.5000000000000001,20.63389210958628,1084.5281642617497,488.9537903230682,293.2008600793088,11.478631375919978,14.523729139464058,13.498494524042144,3,15.215991093324648
21.161081373136746,7.867589095211468,75.83364798600606,15.113633211628075,26.7,89.2,180,0.8660254037844386,0.5000000000000001,24.95276377243705,1604.7219958536816,596.6279819448064,319.82082223500373,15.215991093324648,11.478631375919978,13.73945053623624,3,13.349831143704414
19.76466612464682,8.993596813201044,78.56017089361275,17.398817344478072,26.7,89.2,180,0.8660254037844386,0.5000000000000001,23.692674669327456,1552.7155484074528,706.5385025933251,343.88181577732325,13.349831143704414,15.215991093324648,13.348151204316357,3,16.210001896616532
18.873477103467017,10.7063669887906,92.206765610266,15.393419480526427,26.7,89.2,180,0.8660254037844386,0.5000000000000001,23.48381538398032,1740.2622795301054,987.1994714729044,290.5273501097787,16.210001896616532,13.349831143704414,14.92527471121521,3,13.874454292464192
27.53216055676938,10.230323583076178,81.51927546384916,10.694489374734554,26.7,89.2,180,0.8660254037844387,-0.4999999999999998,31.60812432996184,2244.4017805422054,833.9685662530992,294.4423985378559,13.874454292464192,16.210001896616532,14.478095777595058,3,28.158686981667497
27.2383085220104,11.89144807473096,82.48685773709204,9.9079955881563,26.7,89.2,180,0.8660254037844387,-0.4999999999999998,31.362651408865,2246.8024800540934,980.8881856283496,269.8770406649192,28.158686981667497,13.874454292464192,19.414381056916085,3,28.41748421775528
23.87521294370624,8.63307132972286,80.8233539556524,12.478594993519796,26.7,89.2,180,0.8660254037844387,-0.4999999999999998,27.91638064148886,1929.674786515743,697.7537798065854,297.9291127085517,28.41748421775528,28.158686981667497,23.483541830628997,3,42.33451985051972
27.74259459491449,5.084497774814066,83.33154471206008,13.90839349858743,26.7,89.2,180,0.8660254037844387,-0.4999999999999998,31.909171830517494,2311.833261914673,423.6990536602883,385.85492229785547,42.33451985051972,28.41748421775528,32.970230349980845,3,31.57976223885581
25.791101562925057,7.438813688927542,82.88092538059423,12.742817453912288,26.7,89.2,180,0.8660254037844387,-0.4999999999999998,29.93514783195477,2137.590364120119,616.5357622721466,328.6512991516659,31.57976223885581,42.33451985051972,34.11058876904361,3,37.15271118380171
26.63834902083836,10.457358027353852,67.31912831852281,11.172539118721128,26.7,89.2,180,0.8660254037844387,-0.4999999999999998,30.004305436764504,1793.270435927414,703.9802269161686,297.6179964934632,37.15271118380171,31.57976223885581,37.022331091059094,3,34.7616642350804
23.71254758535868,7.993576546860609,82.05466815053309,10.687824714091192,26.7,89.2,180,0.8660254037844387,-0.4999999999999998,27.81528099288533,1945.7252231203315,655.9102708885315,253.43555211685995,34.7616642350804,37.15271118380171,34.49804588591265,3,35.40999373104917
25.947188486082148,8.336779452946777,75.84367991631561,11.636091566696136,26.7,89.2,180,0.8660254037844387,-0.4999999999999998,29.739372481897927,1967.930258266724,632.2920323622121,301.9238611223756,35.40999373104917,34.7616642350804,35.774789716643774,3,30.660426711425792
25.06937908643989,7.564560426699292,95.0,8.745544507407272,26.7,89.2,180,0.8660254037844387,-0.4999999999999998,29.81937908643989,2381.5910132117897,718.6332405364327,219.24537057352512,30.660426711425792,35.40999373104917,33.61069489251847,3,27.635711510245955
24.05668653091743,5.017220805729702,77.30677027896905,12.29359020857414,26.7,89.2,180,0.8660254037844387,-0.4999999999999998,27.92202504486588,1859.7447393188029,387.8651362674101,295.74304598722387,27.635711510245955,30.660426711425792,31.235377317573647,3,37.25187526956018
26.41931883054925,6.793184764043469,88.77748884878726,9.5396807004433,26.7,89.2,180,0.8660254037844387,-0.4999999999999998,30.85819327298861,2345.440782871641,603.0818846376205,252.0318659666489,37.25187526956018,27.635711510245955,31.84933783041065,3,28.45796707200548
27.231542299542284,10.184226009645196,81.20493787024078,10.324716102722885,26.7,89.2,180,0.8660254037844387,-0.4999999999999998,31.29178919305432,2211.335700545165,827.0094403697283,281.1579432820636,28.45796707200548,37.25187526956018,31.115184617270547,3,34.279000382368594
26.04493178562409,8.870695365657983,72.87400555321801,12.67148254200331,26.7,89.2,180,0.8660254037844387,-0.4999999999999998,29.688632063284995,1897.9985035787545,646.4431033378652,330.0278984292028,34.279000382368594,28.45796707200548,33.329614241311425,3,25.58352902070439
25.36030495349032,8.079973119805043,75.63936486264859,14.134308082542162,26.7,89.2,180,0.8660254037844387,-0.4999999999999998,29.142273196622742,1918.2373594050885,611.1640348893267,358.45036327985224,25.58352902070439,34.279000382368594,29.440165491692834,3,30.381447961340545
25.283319695957555,6.481373524037245,88.27404384768828,10.728163740172848,26.7,89.2,180,0.8660254037844387,-0.4999999999999998,29.69702188834197,2231.860871456078,572.1370506541097,271.24359359336984,30.381447961340545,25.58352902070439,30.08132578813785,3,30.28042286288917
24.991640337984656,7.613411789104271,85.10191994399547,10.269157153829674,26.7,89.2,180,0.8660254037844387,-0.4999999999999998,29.24673633518443,2126.836575312298,647.9159605770229,256.6430821627534,30.28042286288917,30.381447961340545,28.748466614978042,3,31.17866482259336
20.79557587927644,10.05886885570969,77.01291648649367,14.452687849729198,26.7,89.2,180,1.0,6.123233995736766e-17,24.64622170360112,1601.5279484792586,774.6628271333625,300.55196683854024,31.17866482259336,30.28042286288917,30.613511882274366,3,32.15682060711296
22.87311960831533,10.929190025732032,66.0965405156653,12.485403942935092,26.7,89.2,180,1.0,6.123233995736766e-17,26.1779466340986,1511.8340769106726,722.3816513392023,285.5801377448862,32.15682060711296,31.17866482259336,31.205302764198507,3,35.75627494013899
22.04843891334552,11.9457614543905,84.36286887003428,14.6785576943746,26.7,89.2,180,1.0,6.123233995736766e-17,26.26658235684723,1860.0695608355293,1007.7787071294556,323.63928266043627,35.75627494013899,32.15682060711296,33.030586789948444,3,34.59776646393845
22.566575743092283,8.603510396151487,89.69355041180219,13.287644515066214,26.7,89.2,180,1.0,6.123233995736766e-17,27.05125326368239,2024.0762990348005,771.6793934356776,299.8566363965264,34.59776646393845,35.75627494013899,34.17028733706348,3,37.02577312216882
19.892635161707293,6.985714500401256,92.6024607357886,16.565920058872887,26.7,89.2,180,1.0,6.123233995736766e-17,24.522758198496724,1842.1069664933675,646.8943527348364,329.53980384916696,37.02577312216882,34.59776646393845,35.79327150874876,3,34.842302057393056
22.164879505869006,6.206217344629781,82.52632738360109,12.871765391614126,26.7,89.2,180,1.0,6.123233995736766e-17,26.291195875049063,1829.186102519416,512.1763243967007,285.3011289329419,34.842302057393056,37.02577312216882,35.48861388116678,3,33.37334439778712
23.90627326782649,9.69556867396329,80.1005010028765,14.542255287809152,26.7,89.2,180,1.0,6.123233995736766e-17,27.91129831797032,1914.9044658645755,776.6199082922545,347.65112884086034,33.37334439778712,34.842302057393056,35.08047319244967,3,37.18148471719039
23.92970326619492,12.352485990656106,75.12520902496063,13.111303611270658,26.7,89.2,180,1.0,6.123233995736766e-17,27.68596371744295,1797.7239597781763,927.9830920259378,313.7496048506968,37.18148471719039,33.37334439778712,35.132377057456864,3,43.06849504439892
24.20191926999714,13.038015252000829,75.16360324438067,14.745048834854783,26.7,89.2,180,1.0,6.123233995736766e-17,27.96009943221617,1819.103457762596,979.984205495574,356.85848153332086,43.06849504439892,37.18148471719039,37.87444138645882,3,34.0561496501281
24.24822543997203,11.016373267805358,78.81697865741113,14.610578430686802,26.7,89.2,180,1.0,6.123233995736766e-17,28.189074372842583,1911.1718669823688,868.2772567306894,354.2805995956863,34.0561496501281,43.06849504439892,38.10204313723915,3,33.12215228794343
15.96097568835835,9.489019433067032,95.0,15.858419529409156,26.7,89.2,180,1.0,6.123233995736766e-17,20.71097568835835,1516.2926903940431,901.456846141368,253.1158485646868,33.12215228794343,34.0561496501281,36.74893232749016,3,33.73856393022931
22.177315181922875,9.515951758370834,80.0587848365252,13.525890715959424,26.7,89.2,180,1.0,6.123233995736766e-17,26.180254423749137,1775.488904401367,761.8355343381643,299.9679415240766,33.73856393022931,33.12215228794343,33.63895528943362,3,37.96312568900997
26.82523084322583,10.690528919355687,84.84591696212485,13.605663756187598,26.7,89.2,180,1.0,6.123233995736766e-17,31.06752669133208,2276.011308614169,907.0477289728468,364.97507103504336,37.96312568900997,33.73856393022931,34.94128063572757,3,31.27698725866789
21.53196028178604,10.054037092452312,92.8986761327128,13.886073464536215,26.7,89.2,180,1.0,6.123233995736766e-17,26.17689408842168,2000.2906047200768,934.0067356780088,298.9943823083569,31.27698725866789,37.96312568900997,34.326225625969066,3,32.06755925560421
21.12656052791881,8.989055114307996,95.0,13.629461448881004,26.7,89.2,180,1.0,6.123233995736766e-17,25.87656052791881,2007.023250152287,853.9602358592597,287.9436422627205,32.06755925560421,31.27698725866789,33.769224067760696,3,29.540559379690343
23.3604322109009,11.506335368515591,70.77129932794787,14.479477738878463,26.7,89.2,180,1.0,6.123233995736766e-17,26.89899717729829,1653.2481404279026,814.3183045329703,338.24685816831897,29.540559379690343,32.06755925560421,30.961701964654157,3,34.89949864590286
8.418236416610869,0.9466958488966508,34.07982563658692,15.05224217288707,32.1,76.3,1200,-1.0,-1.8369701987210287e-16,10.122227698440216,286.8920292456647,32.2632294612785,126.71333321144384,34.89949864590286,29.540559379690343,32.169205760399144,4,20.29599895431848
15.510435487439803,0.2674584281327504,50.84767181100973,13.024010258947422,32.1,76.3,1200,-1.0,-1.8369701987210287e-16,18.05281907799029,788.6695333111779,13.599638376782623,202.00807090915816,20.29599895431848,34.89949864590286,28.245352326637235,4,18.76179207889856
11.17571177627547,2.118157225846095,30.0,14.139468869794111,32.1,76.3,1200,-1.0,-1.8369701987210287e-16,12.67571177627547,335.2713532882641,63.544716775382845,158.01862875843847,18.76179207889856,20.29599895431848,24.652429893039976,4,24.625347725079656
11.987564429060878,3.626508426863256,38.18090587140717,14.713048416038012,32.1,76.3,1200,-1.0,-1.8369701987210287e-16,13.896609722631236,457.69606909340223,138.46337688793088,176.37361583514777,24.625347725079656,18.76179207889856,21.22771291943224,4,20.95889050677219
7.418877156107563,0.5921618257119718,53.772376945842026,10.713119223252075,32.1,76.3,1200,-1.0,-1.8369701987210287e-16,10.107496003399664,398.9306589531124,31.84194890512216,79.47931547604162,20.95889050677219,24.625347725079656,21.448676770250145,4,11.694085408524982
12.75693925492301,1.1103288308942494,48.1168361927359,10.66936848659731,32.1,76.3,1200,-1.0,-1.8369701987210287e-16,15.162781064559804,613.8235564498128,53.42551047621056,136.10848567191172,11.694085408524982,20.95889050677219,19.092774546792285,4,16.842289717970782
14.554172996106608,0.1,36.744269729222566,13.339611193420398,32.1,76.3,1200,-1.0,-1.8369701987210287e-16,16.391386482567736,534.7824582547086,3.674426972922257,194.1470090098406,16.842289717970782,11.694085408524982,16.498421877755995,4,14.101788299587025
11.219052090417202,0.1,46.60676074492568,14.151186608967208,32.1,76.3,1200,-1.0,-1.8369701987210287e-16,13.549390127663486,522.8836765629328,4.660676074492568,158.76289970721749,14.101788299587025,16.842289717970782,14.212721142027604,4,13.420466900046751
7.238802588200698,0.1,42.939036115912046,13.895549820049837,32.1,76.3,1200,-1.0,-1.8369701987210287e-16,9.3857543939963,310.82720577070734,4.293903611591205,100.58714200184848,13.420466900046751,14.101788299587025,14.788181639201527,4,7.848917832367698
8.467758338778658,0.1,47.47915823504508,12.0896216771051,32.1,76.3,1200,-1.0,-1.8369701987210287e-16,10.841716250530911,402.0420380629944,4.747915823504508,102.37199476898594,7.848917832367698,13.420466900046751,11.790391010667166,4,15.009321562938036
10.581929460274884,0.1,40.88879498680925,12.201572903009184,32.1,76.3,1200,-1.0,-1.8369701987210287e-16,12.626369209615348,432.6823442660568,4.088879498680925,129.11618376404462,15.009321562938036,7.848917832367698,12.092902098450837,4,14.192777774254344
12.382171709546954,0.1,53.73685427185941,13.178142043689595,32.1,76.3,1200,-1.0,-1.8369701987210287e-16,15.069014423139924,665.378956725065,5.373685427185941,163.1740175977646,14.192777774254344,15.009321562938036,12.350339056520035,4,14.283002362806265
8.389809637938983,1.255631178476563,39.746485234980696,13.609536438092842,32.1,76.3,1200,-1.0,-1.8369701987210287e-16,10.377133899688015,333.46544489864056,49.906926095900126,114.18141997619313,14.283002362806265,14.192777774254344,14.495033899999557,4,20.38504894371299
9.907477565467316,1.106882640893397,45.49506682309708,12.608670003782406,32.1,76.3,1200,-1.0,-1.8369701987210287e-16,12.18223090662217,450.7413538892707,50.357699712771264,124.92011519285488,20.38504894371299,14.283002362806265,16.286943026924543,4,22.54453741332173
7.274649366046145,5.456142950136271,36.53760814697526,16.948174064069054,32.1,76.3,1200,-0.8660254037844386,0.5000000000000001,9.101529773394908,265.798287943236,199.35441310596065,123.29202371081963,22.54453741332173,20.38504894371299,19.070862906613673,4,13.833559540058312
7.902612488598967,3.277338712024025,46.15251416788579,16.70270648543042,32.1,76.3,1200,-0.8660254037844386,0.5000000000000001,10.210238196993256,364.725434843375,151.25742133964937,131.99501686516538,13.833559540058312,22.54453741332173,18.921048632364354,4,13.713893465785125
7.0377423608802445,3.2151529067475795,47.69244417516676,17.622159336183188,32.1,76.3,1200,-0.8660254037844386,0.5000000000000001,9.422364569638582,335.6471346654874,153.3385005196841,124.02021725043772,13.713893465785125,13.833559540058312,16.697330139721732,4,14.515143336585188
1.8193942022936864,1.8830263711006268,45.55465544202239,16.400182641997443,32.1,76.3,1200,-0.8660254037844386,0.5000000000000001,4.097126974394806,82.88187599870206,85.78061752373084,29.8383972154077,14.515143336585188,13.713893465785125,14.020865447476218,4,12.010987158805802
5.063007773279368,0.7060123488216878,58.48631056990328,16.01948128904387,32.1,76.3,1200,-0.8660254037844386,0.5000000000000001,7.987323301774532,296.1166450458516,41.29205749937213,81.10675829033251,12.010987158805802,14.515143336585188,13.41334132039205,4,12.583372492902855
7.264908433284601,1.275186514484508,41.50531626516823,19.41428099866396,32.1,76.3,1200,-0.8660254037844386,0.5000000000000001,9.340174246543013,301.53232216096524,52.92701958075704,141.0429737533508,12.583372492902855,12.010987158805802,13.036500996097958,4,11.87314862561256
9.06896420358903,4.468291302098757,44.00137499766742,17.815086241807716,32.1,76.3,1200,-0.8660254037844386,0.5000000000000001,11.2690329534724,399.0468947625432,196.61096118246303,161.5643794108056,11.87314862561256,12.583372492902855,12.155836092440415,4,22.19530964850985
3.604067141565477,3.997702417585012,49.97368482337192,16.779192081971605,32.1,76.3,1200,-0.8660254037844386,0.5000000000000001,6.1027513827340725,180.1085154148641,199.77992063402536,60.473334844649486,22.19530964850985,11.87314862561256,15.550610255675098,4,13.30596045470558
8.576151449704755,2.252560863217746,37.790405556067526,18.88150754113601,32.1,76.3,1200,-0.8660254037844386,0.5000000000000001,10.46567172750813,324.09624139459913,85.12518856072417,161.93066827152484,13.30596045470558,22.19530964850985,15.79147290960934,4,20.507903356706592
6.082574911174879,4.297860662008924,50.3550000430994,19.217107847534667,32.1,76.3,1200,-0.8660254037844386,0.5000000000000001,8.60032491332985,306.2880599143664,216.4187738206946,116.88949805875625,20.507903356706592,13.30596045470558,18.669724486640686,4,14.989382644948634
7.378328914148671,0.8562743001196624,45.48965790697714,16.978594470575917,32.1,76.3,1200,-0.8660254037844386,0.5000000000000001,9.652811809497528,335.6376582297812,38.95162498697972,125.27365450385504,14.989382644948634,20.507903356706592,16.267748818786945,4,14.01369892201838
5.170746198856274,0.2331949448939629,52.076957414633306,19.70214514889973,32.1,76.3,1200,-0.8660254037844386,0.5000000000000001,7.774594069587939,269.2767295997152,12.144083214550664,101.87479213798788,14.01369892201838,14.989382644948634,16.503661641224546,4,9.227075019751194
9.56955007837019,2.250443593931024,45.880667477952414,15.606811877821311,32.1,76.3,1200,-0.8660254037844386,0.5000000000000001,11.863583452267813,439.05734505931616,103.25185421103748,149.35016782851375,9.227075019751194,14.01369892201838,12.74338552890608,4,22.30833770708482
3.3282751916627733,3.671815983321432,58.005559317290654,20.881863460296028,32.1,76.3,1200,-0.8660254037844386,0.5000000000000001,6.2285531575273065,193.05846405426192,212.98573982272725,69.50058811059263,22.30833770708482,9.227075019751194,15.18303721628481,4,13.59296924722008
2.979917576029496,1.782466406379363,46.12984888587153,17.810431916053542,32.1,76.3,1200,-0.8660254037844386,0.5000000000000001,5.286410020323072,137.46314747459326,82.22490597042248,53.073619103324646,13.59296924722008,22.30833770708482,15.042793991352042,4,11.318818217955856
5.619518311173569,0.1,58.58532372536924,16.544560890653,32.1,76.3,1200,-0.8660254037844386,0.5000000000000001,8.54878449744203,329.2212994407438,5.858532372536924,92.97246287535062,11.318818217955856,13.59296924722008,15.740041724086929,4,8.679343821353294
15.04644637147407,0.1,31.54078153933193,8.0,32.1,76.3,1200,-0.8660254037844385,-0.5000000000000004,16.623485448440668,474.5766779459373,3.154078153933193,120.37157097179256,8.679343821353294,11.318818217955856,11.19704376217642,4,15.754183293499242
11.925867852860012,1.432960391198455,41.31039749881926,9.574904753800803,32.1,76.3,1200,-0.8660254037844385,-0.5000000000000004,13.991387727800976,492.6623415200373,59.19616336047173,114.1890487975495,15.754183293499242,8.679343821353294,11.917448444269477,4,17.943718130475254
11.907757829874996,1.0490373525577277,50.00707083902712,12.436759446662398,32.1,76.3,1200,-0.8660254037844385,-0.5000000000000004,14.408111371826353,595.4720893325388,52.45928520213976,148.09391967926598,17.943718130475254,15.754183293499242,14.125748415109276,4,21.35348632461177
14.558167716690374,0.6853498744967405,34.15411890345961,9.532250681200086,32.1,76.3,1200,-0.8660254037844385,-0.5000000000000004,16.265873661863353,497.22139121235017,23.4075211040328,138.77210413444692,21.35348632461177,17.943718130475254,18.3504625828621,4,17.171109454070535
15.84701723209474,0.1,54.6296719290374,9.220495359335215,32.1,76.3,1200,-0.8660254037844385,-0.5000000000000004,18.57850082854661,865.7173524431379,5.46296719290374,146.11734884783473,17.171109454070535,21.35348632461177,18.82277130305253,4,12.958529700475353
11.319855857752136,0.9666559026513027,42.22845004375464,12.451739036037802,32.1,76.3,1200,-0.8660254037844385,-0.5000000000000004,13.431278359939869,478.0199675915894,40.820380494611086,140.95189106629346,12.958529700475353,17.171109454070535,17.161041826385897,4,21.240063058878462
14.894787874137954,0.1,44.09114923208834,11.357832430660606,32.1,76.3,1200,-0.8660254037844385,-0.5000000000000004,17.09934533574237,656.7283149389164,4.4091149232088345,169.1725047646944,21.240063058878462,12.958529700475353,17.123234071141464,4,13.641922923463316
11.983102534905305,0.1,35.9031953400969,8.939247762652005,32.1,76.3,1200,-0.8660254037844385,-0.5000000000000004,13.77826230191015,430.23167109111546,3.5903195340096903,107.1199225247818,13.641922923463316,21.240063058878462,15.946838560939057,4,13.197797606793296
13.884184500246183,0.1,46.19209607672106,8.60090785670853,32.1,76.3,1200,-0.8660254037844385,-0.5000000000000004,16.193789304082237,641.3395843822931,4.619209607672106,119.41659155215818,13.197797606793296,13.641922923463316,16.026594529711705,4,13.93159548608219
13.95887888529899,0.6805898673702456,38.24810399392463,10.670495821473557,32.1,76.3,1200,-0.8660254037844385,-0.5000000000000004,15.87128408499522,533.9006512435145,26.031272024388524,148.94815881803834,13.93159548608219,13.197797606793296,13.590438672112946,4,18.17174490065896
17.34672789230505,0.1,35.020068132122105,12.225255517146469,32.1,76.3,1200,-0.8660254037844385,-0.5000000000000004,19.09773129891116,607.4835926579058,3.50200681321221,212.0681808698409,18.17174490065896,13.93159548608219,15.10037933117816,4,16.932713218211067
15.589200765890428,2.049467019988489,43.65093497304949,10.774078978055098,32.1,76.3,1200,-0.8660254037844385,-0.5000000000000004,17.771747514542902,680.4831889136964,89.46115161892705,167.9592802564605,16.932713218211067,18.17174490065896,16.345351201650754,4,21.79465292086089
13.649410940191975,0.9008577245710568,50.56263908445587,11.756431780076404,32.1,76.3,1200,-0.8660254037844385,-0.5000000000000004,16.17754289441477,690.1502390843502,45.5497439939305,160.4683685565955,21.79465292086089,16.932713218211067,18.966370346576984,4,18.35552354359598
16.505081462058463,0.1,49.85886309754011,11.62619763473194,32.1,76.3,1200,-0.8660254037844385,-0.5000000000000004,18.998024616935467,822.9245970305201,4.985886309754012,191.89133905524207,18.35552354359598,21.79465292086089,19.027629894222656,4,13.95265258400184
12.482058602193314,0.1,45.50021179148173,12.850586417504283,32.1,76.3,1200,-0.8660254037844385,-0.5000000000000004,14.7570691917674,567.9363099934823,4.550021179148174,160.4017727358379,13.95265258400184,18.35552354359598,18.034276349486248,4,11.935062446111417
10.735970229947169,0.1,33.2231607648567,10.587732048995308,32.1,76.3,1200,-0.8660254037844385,-0.5000000000000004,12.397128268190004,356.6828649162504,3.32231607648567,113.66957608067116,11.935062446111417,13.95265258400184,14.747746191236422,4,13.935478895282236
-0.1616299801715355,3.317692471596626,53.01107316986658,20.13607287860124,32.1,76.3,1200,-0.5000000000000004,0.8660254037844384,2.488923678321793,-8.568178705317353,175.8744383669242,-3.254593060100912,13.935478895282236,11.935062446111417,13.274397975131842,4,5.798041386071909
4.09211170755486,6.3215974611647,56.0105135958656,18.492456141391017,32.1,76.3,1200,-0.5000000000000004,0.8660254037844384,6.89263738734814,229.2012784318023,354.0759205461549,75.67319627763095,5.798041386071909,13.935478895282236,10.556194242488532,4,6.04015060678238
6.2804749863416856,3.2062686212235327,56.10916146968067,17.566962973934515,32.1,76.3,1200,-0.5000000000000004,0.8660254037844384,9.085933059825718,352.3921851149361,179.9010437834016,110.32887154378628,6.04015060678238,5.798041386071909,8.591223629378854,4,5.954471683075415
2.8425150987117083,4.304993678598834,53.79906438996954,17.300143170785585,32.1,76.3,1200,-0.5000000000000004,0.8660254037844384,5.532468318210185,152.9246528250518,231.60463211335048,49.17591817283228,5.954471683075415,6.04015060678238,5.930887891976579,4,6.12481252768562
1.4590429114883934,3.9278470153177474,60.48471797038732,18.98367954369144,32.1,76.3,1200,-0.5000000000000004,0.8660254037844384,4.48327881000776,88.24979900806827,237.5747189523216,27.69800307219021,6.12481252768562,5.954471683075415,6.039811605847817,4,6.942662099877577
3.5267885211886005,5.0483926367310366,48.423391905376576,17.36722572292334,32.1,76.3,1200,-0.5000000000000004,0.8660254037844384,5.947958116457429,170.7790627288991,244.4602951406444,61.25053232449743,6.942662099877577,6.12481252768562,6.340648770212883,4,5.193834869891417
3.0780922235371464,6.236437872184927,62.86146514215952,17.09604633793212,32.1,76.3,1200,-0.5000000000000004,0.8660254037844384,6.221165480645123,193.4933870142326,392.03162191359627,52.62320728601957,5.193834869891417,6.942662099877577,6.087103165818217,4,6.569190372848752
4.201481486924738,7.04805274757919,53.23166029170359,19.30020712669373,32.1,76.3,1200,-0.5000000000000004,0.8660254037844384,6.863064501509918,223.6518352338593,375.1795495771436,81.08946293661661,6.569190372848752,5.193834869891417,6.235229114205928,4,6.22479235001306
4.533798023295455,4.853327049740465,60.72587392936671,22.0,32.1,76.3,1200,-0.5000000000000004,0.8660254037844384,7.570091719763791,275.31884718385186,294.7225265605248,99.74355651250002,6.22479235001306,6.569190372848752,5.9959391975844225,4,5.850508825509007
1.0846177385364206,4.048306269744256,55.675734291119575,17.592270682074012,32.1,76.3,1200,-0.5000000000000004,0.8660254037844384,3.868404453092399,60.38688901818876,225.3924242033546,19.08088884291169,5.850508825509007,6.22479235001306,6.214830516123619,4,6.315517665805573
3.370992684762069,3.972111484723406,58.48804620178064,20.46191168716924,32.1,76.3,1200,-0.5000000000000004,0.8660254037844384,6.295394994851101,197.16277589222847,232.32104003712607,68.976954613695,6.315517665805573,5.850508825509007,6.130272947109225,4,5.994139488197672
0.4686208041178306,0.1,54.000904917199456,19.21969911664327,32.1,76.3,1200,-0.5000000000000004,0.8660254037844384,3.168666049977803,25.30594748538852,5.400090491719946,9.006750854944126,5.994139488197672,6.315517665805573,6.053388659837428,4,4.109697206802564
8.943112574380049,1.6298010708617694,51.5692165951514,19.819907677135724,32.1,76.3,1200,-0.5000000000000004,0.8660254037844384,11.52157340413762,461.1893093830268,84.04756443028029,177.25166557044415,4.109697206802564,5.994139488197672,5.473118120268615,4,10.149253931618349
0.672346239544066,5.1742965054691386,51.72159004965173,20.37119048849268,32.1,76.3,1200,-0.5000000000000004,0.8660254037844384,3.258425742026653,34.774816573123125,267.6228426512203,13.696493319973898,10.149253931618349,4.109697206802564,6.751030208872874,4,6.299930405949144
3.518358596235234,1.37967288540347,63.67358595234833,19.511606983039623,32.1,76.3,1200,-0.5000000000000004,0.8660254037844384,6.702037893852651,224.0265084885678,87.84872005486228,68.64883015514089,6.299930405949144,10.149253931618349,6.852960514790031,4,5.73657915628545
2.0940245316371104,6.954337792195727,45.06202773160616,17.50777175165868,32.1,76.3,1200,-0.5000000000000004,0.8660254037844384,4.347125918217419,94.36099151529508,313.3765624468806,36.6617035422765,5.73657915628545,6.299930405949144,7.395254497950993,4,6.892099459697207
17.700968537971633,1.7777509642259732,49.566154774456365,8.0,32.1,76.3,1200,-0.4999999999999997,-0.8660254037844388,20.17927627669445,877.3689462108846,88.11627944326364,141.60774830377306,6.892099459697207,5.73657915628545,6.309536340643947,4,19.96148365923972
16.46560134441611,0.1,66.76827752653683,8.0,32.1,76.3,1200,-0.4999999999999997,-0.8660254037844388,19.804015220742954,1099.379840205293,6.676827752653684,131.7248107553289,19.96148365923972,6.892099459697207,10.863387425074137,4,13.303448173804144
20.11354322684128,0.1409106627563035,45.48829264372032,8.72902734610119,32.1,76.3,1200,-0.4999999999999997,-0.8660254037844388,22.387957859027296,914.9307404046748,6.409785464079316,175.5716688540859,13.303448173804144,19.96148365923972,13.38567709758037,4,15.594506288989356
16.879737562536125,2.5071250170989394,46.23783584925757,8.0,32.1,76.3,1200,-0.4999999999999997,-0.8660254037844388,19.191629354999,780.4825345950925,115.92403499418783,135.037900500289,15.594506288989356,13.303448173804144,16.286479374011083,4,21.94004174693496
16.80290678603187,0.5847030179462536,55.676041165542905,10.000839401711724,32.1,76.3,1200,-0.4999999999999997,-0.8660254037844388,19.58670884430901,935.5193299198904,32.55394929679279,168.04317224903684,21.94004174693496,15.594506288989356,16.94599873657617,4,20.6638892751242
14.439118230106065,0.5679586959865914,50.13595085650142,8.0,32.1,76.3,1200,-0.4999999999999997,-0.8660254037844388,16.945915772931137,723.9189219958114,28.47514927050638,115.51294584084852,20.6638892751242,21.94004174693496,19.39947910368285,4,16.373350832954007
20.25566889456245,0.7127087741955008,59.69913359844811,10.925128509790005,32.1,76.3,1200,-0.4999999999999997,-0.8660254037844388,23.240625574484863,1209.2458834624135,42.548096327483385,221.29578572485087,16.373350832954007,20.6638892751242,19.659093951671068,4,19.7518889174876
16.339291715099442,3.007733611385161,67.22998280432728,8.682278630210753,32.1,76.3,1200,-0.4999999999999997,-0.8660254037844388,19.700790855315805,1098.4903010410226,202.2098789734216,141.8622832907875,19.7518889174876,16.373350832954007,18.929709675188615,4,20.21230330641054
12.71870421883748,4.186578342202257,56.24259999359522,9.401068474977174,32.1,76.3,1200,-0.4999999999999997,-0.8660254037844388,15.530834218517242,715.3329938169284,235.4640510423305,119.56940927427225,20.21230330641054,19.7518889174876,18.779181018950727,4,17.630896851316145
18.41550678135586,0.1,55.25116692426222,11.215215036892634,32.1,76.3,1200,-0.4999999999999997,-0.8660254037844388,21.17806512756897,1017.4782391715756,5.525116692426223,206.53386856626048,17.630896851316145,20.21230330641054,19.198363025071444,4,13.77455382582185
16.848414462772087,0.1,53.92655831458461,9.5828856957502,32.1,76.3,1200,-0.4999999999999997,-0.8660254037844388,19.54474237850132,908.5770050349696,5.392655831458462,161.45642995136942,13.77455382582185,17.630896851316145,17.20591799451619,4,14.139314431339615
17.47422466526428,0.1,54.26434573916588,8.827885500736109,32.1,76.3,1200,-0.4999999999999997,-0.8660254037844388,20.18744195222257,948.2273687597612,5.4264345739165885,154.2604545590918,14.139314431339615,13.77455382582185,15.18158836949255,4,13.30145336904767
14.87646701833656,0.2268852203710408,55.857359322076775,8.0,32.1,76.3,1200,-0.4999999999999997,-0.8660254037844388,17.669334984440397,830.9601636862494,12.6732092791338,119.01173614669248,13.30145336904767,14.139314431339615,13.738440542069725,4,12.737947992449346
16.103245206499636,0.1,41.98396063306602,11.837732923147591,32.1,76.3,1200,-0.4999999999999997,-0.8660254037844388,18.20244323815293,676.0780128142898,4.198396063306602,190.6259159504993,12.737947992449346,13.30145336904767,13.39290526427889,4,15.343598590488876
16.413603229039932,2.2664471471190764,53.96772707896174,8.0,32.1,76.3,1200,-0.4999999999999997,-0.8660254037844388,19.11198958298802,885.8048594471921,122.31500107461376,131.30882583231946,15.343598590488876,12.737947992449346,13.794333317328643,4,18.23793633898462
17.263343441877492,2.4267417161441287,50.68327023410296,10.146213411333605,32.1,76.3,1200,-0.4999999999999997,-0.8660254037844388,19.79750695358264,874.9627008088061,122.99520618770366,175.15756675443544,18.23793633898462,15.343598590488876,15.439827640640962,4,18.69296798860184
2.0911277622837967,6.3681346201194735,70.62752106511115,22.0,32.1,76.3,1200,-2.4492935982947064e-16,1.0,5.622503815539354,147.6911700805376,449.7655620279517,46.00481077024353,18.69296798860184,18.23793633898462,17.424834306025126,4,5.719496435214016
0.014267997828909,2.230909814735191,70.33015737634818,20.866967785459337,32.1,76.3,1200,-2.4492935982947064e-16,1.0,3.530775866646318,1.003470532752564,156.90023836276575,0.2977298510588478,5.719496435214016,18.69296798860184,14.216800254266841,4,6.805954130315445
0.2634780768033353,5.316946929746257,73.83146837361525,19.61557876362264,32.1,76.3,1200,-2.4492935982947064e-16,1.0,3.955051495484098,19.45297329464642,392.55799908775145,5.168274968023638,6.805954130315445,5.719496435214016,10.40613951804378,4,6.962812078141136
2.9723695831238777,1.2225768329147957,48.5971403417264,21.10877074205235,32.1,76.3,1200,-2.4492935982947064e-16,1.0,5.402226600210198,144.44866177854988,59.413737927703714,62.74306809081165,6.962812078141136,6.805954130315445,6.4960875478902125,4,6.292687873283079
4.332741091338504,6.183271667487823,47.57430944214856,19.20579955473949,32.1,76.3,1200,-2.4492935982947064e-16,1.0,6.711456563445932,206.1271654120505,294.1648796739356,83.21375692283053,6.292687873283079,6.962812078141136,6.6871513605799,4,5.922184060712693
0.8611004510157791,4.873277568779648,56.48623994546121,19.985232787024422,32.1,76.3,1200,-2.4492935982947064e-16,1.0,3.6854124482888393,48.64032669322216,275.273126070921,17.209292966562067,5.922184060712693,6.292687873283079,6.392561337378982,4,6.890337128875089
3.174524826928353,4.710064636273147,65.6626605641448,18.90774214854528,32.1,76.3,1200,-2.4492935982947064e-16,1.0,6.457657855135594,208.44774616304696,309.2753754467858,60.02309687171663,6.890337128875089,5.922184060712693,6.368403020956966,4,6.709108318153487
2.3851938374626105,9.905539614107628,48.2051498846478,21.02483452218321,32.1,76.3,1200,-2.4492935982947064e-16,1.0,4.795451331695,114.9786264388234,477.4980217863746,50.14830573598254,6.709108318153487,6.890337128875089,6.50720983591377,4,6.029051802064176
6.370189790072224,3.7478896575530514,77.99107994248922,20.57475228463835,32.1,76.3,1200,-2.4492935982947064e-16,1.0,10.269743787196685,496.8179811663515,292.30196189784857,131.0650769368684,6.029051802064176,6.709108318153487,6.542832416364264,4,6.033281621313623
3.912590004182692,9.770666955265275,64.86395140412935,20.75753163241065,32.1,76.3,1200,-2.4492935982947064e-16,1.0,7.15578757438916,253.7860478955884,633.7640665722593,81.21571077647596,6.033281621313623,6.029051802064176,6.257147247177109,4,5.762684503410049
2.785268231301936,6.028491390578079,52.34221466602818,20.07534154874852,32.1,76.3,1200,-2.4492935982947064e-16,1.0,5.402378964603345,145.78710766527456,315.5445904779405,55.91521104826506,5.762684503410049,6.033281621313623,5.9416726422626285,4,6.192709641548772
2.4373186135145954,4.228679313090952,63.39488560939655,20.5512656158109,32.1,76.3,1200,-2.4492935982947064e-16,1.0,5.607062893984423,154.5135346974108,268.0766413322225,50.0899822166984,6.192709641548772,5.762684503410049,5.996225255424161,4,5.897688200164284
3.200425931488556,7.03718445399101,79.4608680621541,20.759236483191067,32.1,76.3,1200,-2.4492935982947064e-16,1.0,7.173469334596261,254.3086226847088,559.1807854276216,66.43839875870799,5.897688200164284,6.192709641548772,5.951027448374382,4,6.203964733518584
-0.9409791024625012,2.595780792162514,58.793001414668126,20.118446068502127,32.1,76.3,1200,-2.4492935982947064e-16,1.0,1.998670968270905,-55.322985702250975,152.613743785779,-18.93103732447937,6.203964733518584,5.897688200164284,6.098120858410559,4,5.525678824807984
2.3967870343549733,5.102955636789364,60.85794042222224,20.32670350962309,32.1,76.3,1200,-2.4492935982947064e-16,1.0,5.439684055466086,145.8635225415297,310.5553701209703,48.71877942304236,5.525678824807984,6.203964733518584,5.8757772528302965,4,6.245584821549523
-0.1924406497371302,4.985577580160678,68.45305303710077,21.10951320217675,32.1,76.3,1200,-2.4492935982947064e-16,1.0,3.2302120021179084,-13.173150002949908,341.2780065153194,-4.062328436261422,6.245584821549523,5.525678824807984,5.991742793292043,4,6.657942526491827
20.1921398149548,1.7293222731005784,52.64050122658593,8.0,32.1,76.3,1200,1.2246467991473532e-16,-1.0,22.82416487628409,1062.9243606965229,91.03239123831337,161.5371185196384,6.657942526491827,6.245584821549523,6.143068724283125,4,23.241038988775408
19.38553806369772,3.090345789029783,71.89149220506243,8.376974972357154,32.1,76.3,1200,1.2246467991473532e-16,-1.0,22.98011267395084,1393.6552585972656,222.16957020298216,162.39216718527274,23.241038988775408,6.657942526491827,12.04818877893893,4,22.16642292492489
17.838165324674623,0.1,66.68480671438114,8.0,32.1,76.3,1200,1.2246467991473532e-16,-1.0,21.17240566039368,1189.5346068151032,6.668480671438115,142.705322597397,22.16642292492489,23.241038988775408,17.355134813397388,4,16.582282753696425
19.29117542434839,0.917442131836408,46.43747521415661,9.173944739474775,32.1,76.3,1200,1.2246467991473532e-16,-1.0,21.61304918505622,895.8334806201254,42.6036962575762,176.97617730248595,16.582282753696425,22.16642292492489,20.663248222465587,4,23.297663643228567
17.68338904398067,0.5109718701219383,58.2346151640471,8.0,32.1,76.3,1200,1.2246467991473532e-16,-1.0,20.595119802183028,1029.785355772341,29.75625021620453,141.46711235184537,23.297663643228567,16.582282753696425,20.682123107283306,4,21.53401732722731
18.29387059677337,0.1,89.61488296144402,10.04017385027047,32.1,76.3,1200,1.2246467991473532e-16,-1.0,22.77461474484557,1639.4030724416475,8.961488296144402,183.67364118595583,21.53401732722731,23.297663643228567,20.471321241384114,4,14.048028561978812
20.12531458157505,0.1274123249092864,75.80891271989373,9.939117934277313,32.1,76.3,1200,1.2246467991473532e-16,-1.0,23.91576021756974,1525.6782165750276,9.658989818486834,200.0278750907053,14.048028561978812,21.53401732722731,19.626569844144907,4,13.154547928768896
16.688624561077113,0.4072571667270206,57.48429406411214,9.678867376346144,32.1,76.3,1200,1.2246467991473532e-16,-1.0,19.56283926428272,959.3338017945212,23.4108907318532,161.52698382029826,13.154547928768896,14.048028561978812,16.24553127265835,4,17.581615080099805
18.01756730979629,0.403313022518389,65.61287256361328,8.0,32.1,76.3,1200,1.2246467991473532e-16,-1.0,21.29821093797696,1182.1843478039889,26.46252594974475,144.14053847837033,17.581615080099805,13.154547928768896,14.928063856949185,4,15.763601709631882
17.389622309038497,2.9725032454166365,62.31804734505579,8.0,32.1,76.3,1200,1.2246467991473532e-16,-1.0,20.505524676291287,1083.6873063672997,185.24059798120592,139.11697847230798,15.763601709631882,17.581615080099805,15.499921572833541,4,26.124330635017248
15.852622682164494,1.040844742242005,61.15481646809407,11.809072434174292,32.1,76.3,1200,1.2246467991473532e-16,-1.0,18.9103635055692,969.4642306657148,63.6526691835905,187.20476952531484,26.124330635017248,15.763601709631882,19.823182474916322,4,22.341410288991536
18.27470495881408,6.715026766560543,63.52683347453439,8.0,32.1,76.3,1200,1.2246467991473532e-16,-1.0,21.45104663254079,1160.9341387148295,426.5843871763328,146.1976396705126,22.341410288991536,26.124330635017248,21.409780877880234,4,21.152737814394936
22.76342706346509,2.533151871755204,74.27871973110675,8.0,32.1,76.3,1200,1.2246467991473532e-16,-1.0,26.47736305002043,1690.8382189666138,188.15927791843328,182.1074165077208,21.152737814394936,22.341410288991536,23.20615957946792,4,21.20172742843432
17.06648237609712,0.1,58.45854082715893,8.0,32.1,76.3,1200,1.2246467991473532e-16,-1.0,19.989409417455064,997.6816567590618,5.845854082715893,136.53185900877696,21.20172742843432,21.152737814394936,21.565291843940276,4,13.96183295121532
17.58266325755907,0.253342764975643,71.86319060233075,8.83035429660169,32.1,76.3,1200,1.2246467991473532e-16,-1.0,21.175822787675607,1263.546280974565,18.20601940716612,155.2611460420874,13.96183295121532,21.20172742843432,18.77209939801487,4,15.04862280544116
14.0022221862775,0.9467388291337197,69.91016684631927,8.563183786440879,32.1,76.3,1200,1.2246467991473532e-16,-1.0,17.497730528593465,978.8976892618934,66.18666950462729,119.90360199967424,15.04862280544116,13.96183295121532,16.73739439503028,4,20.22650454710344
17.640708807687677,4.74658136976347,69.66248732177996,8.0,32.1,76.3,1200,0.4999999999999999,-0.8660254037844387,21.123833173776674,1228.895653662755,330.6586644929447,141.1256704615014,20.22650454710344,15.04862280544116,16.412320101253318,4,29.932153970253378
17.88872423308736,0.113327513731539,81.58226224667202,8.0,32.1,76.3,1200,0.4999999999999999,-0.8660254037844387,21.96783734542096,1459.4025916421297,9.245514945009738,143.10979386469887,29.932153970253378,20.22650454710344,21.73576044093267,4,17.88260914069162
18.94251763146885,3.259532417475341,75.20963802219228,8.348501089394496,32.1,76.3,1200,0.4999999999999999,-0.8660254037844387,22.702999532578463,1424.6598942917672,245.14825323992173,158.14162908219214,17.88260914069162,29.932153970253378,22.680422552682828,4,26.41762359054489
18.98702943218616,3.816946718833922,75.12146354032346,8.0,32.1,76.3,1200,0.4999999999999999,-0.8660254037844387,22.74310260920233,1426.333439229021,286.7346237742397,151.89623545748927,26.41762359054489,17.88260914069162,24.744128900496644,4,27.113733174585217
19.56903124984317,0.4746715680126014,80.02085038049465,8.384586382348568,32.1,76.3,1200,0.4999999999999999,-0.8660254037844387,23.57007376886791,1565.930521734925,37.98362252381117,164.07823293318864,27.113733174585217,26.41762359054489,23.80465530194059,4,17.356257749261403
16.776460328905465,0.1,76.52733219314969,8.749351665229856,32.1,76.3,1200,0.4999999999999999,-0.8660254037844387,20.60282693856295,1283.8577526153458,7.652733219314969,146.78315111537165,17.356257749261403,27.113733174585217,23.629204838130516,4,19.85434912499469
18.582434087407048,2.539491489195341,64.82464799109822,9.120942428499356,32.1,76.3,1200,0.4999999999999999,-0.8660254037844387,21.82366648696196,1204.5997485339462,164.62164186347778,169.48931149262367,19.85434912499469,17.356257749261403,21.441446682947117,4,26.52098578794737
16.290706599783245,0.1639191676087477,74.01324748763112,9.267418741842349,32.1,76.3,1200,0.4999999999999999,-0.8660254037844387,19.9913689741648,1205.728099318143,12.13218992019273,150.9727996606861,26.52098578794737,19.85434912499469,21.2438642207345,4,19.31392774355625
15.459736586333436,1.940483590016743,87.78657446112827,9.904169297552167,32.1,76.3,1200,0.4999999999999999,-0.8660254037844387,19.849065309389847,1357.1573169855892,170.3484071656023,153.11584844660757,19.31392774355625,26.52098578794737,21.896420885499452,4,23.47498442005826
18.346908259186144,2.262459375730204,73.8919020431422,8.168012513809838,32.1,76.3,1200,0.4999999999999999,-0.8660254037844387,22.041503361343253,1355.687947882299,167.1774265680449,149.8577762507535,23.47498442005826,19.31392774355625,23.103299317187307,4,24.30517015187193
17.72867494132906,2.626848674950947,66.76022180178451,8.872966409743094,32.1,76.3,1200,0.4999999999999999,-0.8660254037844387,21.06668603141829,1183.5702713348671,175.36900017944896,157.30593724366688,24.30517015187193,23.47498442005826,22.364694105162158,4,25.050515429841017
17.96440663433546,1.165140845069412,68.04570410409085,8.78754687174091,32.1,76.3,1200,0.4999999999999999,-0.8660254037844387,21.366691839540003,1222.4006982455574,79.28282918318357,157.86306532223622,25.050515429841017,24.30517015187193,24.276890000590416,4,23.9173793310763
16.266653438229405,1.2032212373920033,76.19564871730648,9.959972891721549,32.1,76.3,1200,0.4999999999999999,-0.8660254037844387,20.076435874094727,1239.4482111854934,91.68022273352392,162.015427283794,23.9173793310763,25.050515429841017,24.424354970929766,4,25.44107736033396
18.566949766554323,3.07132182958041,67.27373893708832,8.0,32.1,76.3,1200,0.4999999999999999,-0.8660254037844387,21.93063671340873,1249.0681314532085,206.61930295497297,148.5355981324346,25.44107736033396,23.9173793310763,24.80299070708377,4,22.90582480339205
17.08735030015984,3.741191697019656,80.57058289664259,9.222047295871558,32.1,76.3,1200,0.4999999999999999,-0.8660254037844387,21.11587944499197,1376.737773842999,301.42999575695313,157.58035262919913,22.90582480339205,25.44107736033396,24.088093831600784,4,29.187390007919127
16.269224629839538,5.573262210520568,72.8015815619785,8.0,32.1,76.3,1200,0.4999999999999999,-0.8660254037844387,19.909303707938463,1184.4252838394125,405.7423033855057,130.1537970387163,29.187390007919127,22.90582480339205,25.84476405721506,4,29.705897084675303
4.444503879753555,4.219992130815733,75.5427081113355,16.166261424472427,32.1,76.3,1200,0.4999999999999999,0.8660254037844387,8.22163928532033,335.749859287921,318.78963377034563,71.85101162217795,29.705897084675303,29.187390007919127,27.26637063199551,4,6.239207570839468
2.4412034591522405,4.015732077534447,76.96866892253126,17.992732381997318,32.1,76.3,1200,0.4999999999999999,0.8660254037844387,6.289636905278804,187.89618082002687,309.0855527573375,43.92392053053239,6.239207570839468,29.705897084675303,21.710831554477977,4,6.369002052769034
4.226523819937812,5.640458586163093,86.255477967134,18.46997468082941,32.1,76.3,1200,0.4999999999999999,0.8660254037844387,8.539297718294513,364.560832228213,486.5204513033224,78.06378794217379,6.369002052769034,6.239207570839468,14.104702236094615,4,6.240276575830515
2.5999637111002416,5.084006989858455,70.72194663324541,19.638609606269863,32.1,76.3,1200,0.4999999999999999,0.8660254037844387,6.136061042762512,183.874494824806,359.5508710198163,51.059672312766246,6.240276575830515,6.369002052769034,6.282828733146352,4,6.218547576257131
4.085837313995203,5.782986748719133,63.83641196195943,18.13428601169552,32.1,76.3,1200,0.4999999999999999,0.8660254037844387,7.277657912093174,260.8251939857436,369.16512446178695,74.0937424492468,6.218547576257131,6.240276575830515,6.275942068285573,4,5.926193898907257
1.948112571021092,6.85649938572605,54.00146354900711,22.0,32.1,76.3,1200,0.4999999999999999,0.8660254037844387,4.648185748471446,105.200929993358,370.2610016520749,42.85847656246401,5.926193898907257,6.218547576257131,6.128339350331647,4,5.622215002778741
-0.3052136064125106,3.6576826339274606,80.367289986215,20.101838203123474,32.1,76.3,1200,0.4999999999999999,0.8660254037844387,3.71315089289824,-24.52919041429273,293.9580409183909,-6.1353545334960975,5.622215002778741,5.926193898907257,5.922318825981056,4,5.586820644064999
6.56807090796616,7.977901118672356,69.08183068821626,17.194236512341284,32.1,76.3,1200,0.4999999999999999,0.8660254037844387,10.022162442376972,453.734362412317,551.1280143274547,112.93296462139833,5.586820644064999,5.622215002778741,5.711743181917012,4,5.618367140901389
2.842192272206362,7.031320931235564,69.7410195680422,19.12270487641896,32.1,76.3,1200,0.4999999999999999,0.8660254037844387,6.329243250608473,198.21738687208224,490.3714906544842,54.35040402344089,5.618367140901389,5.586820644064999,5.609134262581723,4,5.903249791318423
4.069988401999988,2.513235815580548,73.63691387689443,17.976917037201783,32.1,76.3,1200,0.4999999999999999,0.8660254037844387,7.75183409584471,299.70138543803233,185.0669293042313,73.16584384512726,5.903249791318423,5.618367140901389,5.702812525428283,4,6.420027631528616
3.240833721355144,4.470608139052853,60.43391777758387,18.137492198063583,32.1,76.3,1200,0.4999999999999999,0.8660254037844387,6.2625296102343375,195.856278647198,270.17636469131736,58.78059633630029,6.420027631528616,5.903249791318423,5.980548187916156,4,6.780736249761972
4.030811865727706,7.355659868008106,69.46119380612964,18.207593510373663,32.1,76.3,1200,0.4999999999999999,0.8660254037844387,7.503871556034188,279.98500420135923,510.932915663681,73.39138396796093,6.780736249761972,6.420027631528616,6.3680045575363495,4,6.6446485054201645
5.152658555014167,1.98767993823064,72.0484844877483,19.516865613618226,32.1,76.3,1200,0.4999999999999999,0.8660254037844387,8.755082779401581,371.2412399716018,143.20932719621874,100.56374457107177,6.6446485054201645,6.780736249761972,6.61513746223693,4,6.107944057786333
0.9597351697911544,5.383887228623642,77.46265898011109,22.0,32.1,76.3,1200,0.4999999999999999,0.8660254037844387,4.832868118796709,74.3436381687512,417.0502203782486,21.114173735405394,6.107944057786333,6.6446485054201645,6.5111096043228365,4,6.237475871899099
1.7896342366477789,7.215886166694045,83.21515694606332,20.095518734574664,32.1,76.3,1200,0.4999999999999999,0.8660254037844387,5.950392083950945,148.92469387869315,600.4710998663721,35.96362833059167,6.237475871899099,6.107944057786333,6.330022811701878,4,6.726329714997326
4.022973641581654,2.403986096176096,70.68991330123123,18.813731967101248,32.1,76.3,1200,0.4999999999999999,0.8660254037844387,7.557469306643215,284.3836579365456,169.93756871605353,75.68714780343048,6.726329714997326,6.237475871899099,6.357249881560932,4,6.958162185644649
8.88389001160378,4.873028997513818,82.76741959444475,16.53552542901791,32.1,76.3,1200,0.8660254037844386,0.5000000000000001,13.022260991326018,735.2966522213067,403.3280357331226,146.89978919547252,6.958162185644649,6.726329714997326,6.640655924180371,4,9.715908028328585
8.963921536873071,5.33134140097674,77.79589713269684,16.293026418273325,32.1,76.3,1200,0.8660254037844386,0.5000000000000001,12.853716393507913,697.3563177881432,414.7564872096743,146.04941041160217,9.715908028328585,6.958162185644649,7.800133309656867,4,8.160925939892197
7.910538474414411,5.820291688888119,77.45370195825406,17.88879546097664,32.1,76.3,1200,0.8660254037844386,0.5000000000000001,11.783223572327111,612.7004893265955,450.8031377812436,141.5100047549856,8.160925939892197,9.715908028328585,8.278332051288489,4,5.856941588080525
3.005484709642711,8.45965663220066,76.99712969065308,18.08285522815721,32.1,76.3,1200,0.8660254037844386,0.5000000000000001,6.855341194175365,231.41369597163464,651.3692788479477,54.34774489490925,5.856941588080525,8.160925939892197,7.911258518767116,4,6.581892432738505
5.474506504626992,2.7059895417189783,76.4082788115029,17.97849550726502,32.1,76.3,1200,0.8660254037844386,0.5000000000000001,9.294920445202136,418.29761936092535,206.76000336467465,98.4233905979295,6.581892432738505,5.856941588080525,6.8665866535704225,4,5.727163784532603
7.06205218978842,6.195531086702587,91.77304980704191,20.515481079218937,32.1,76.3,1200,0.8660254037844386,0.5000000000000001,11.650704680140516,648.1060673533821,568.582783001033,144.881398080061,5.727163784532603,6.581892432738505,6.055332601783891,4,5.560416446810631
5.216246469226268,3.862248860713299,74.10127966348068,16.44009763108803,32.1,76.3,1200,0.8660254037844386,0.5000000000000001,8.921310452400302,386.53053840977935,286.1975829576758,85.75560122189806,5.560416446810631,5.727163784532603,5.95649088802726,4,6.25856860264696
5.228654738044304,6.766782771049817,84.24215482725855,18.87969923715237,32.1,76.3,1200,0.8660254037844386,0.5000000000000001,9.44076247940723,440.4731419806072,570.0483618812043,98.71542886918816,6.25856860264696,5.560416446810631,5.848716277996744,4,7.324149984058248
7.42282115893099,12.123597880954886,88.78479759090534,15.727901602954235,32.1,76.3,1200,0.8660254037844386,0.5000000000000001,11.862061038476256,659.0336741491774,1076.3911839341083,116.74540080399332,7.324149984058248,6.25856860264696,6.38104501117196,4,4.81558371094042
7.656117629786618,8.039938479672815,65.72461726755827,16.966947703993593,32.1,76.3,1200,0.8660254037844386,0.5000000000000001,10.942348493164532,503.19540097313086,528.4218794312101,129.90094744021292,4.81558371094042,7.324149984058248,6.1327674325485555,4,5.575516645435568
3.2160832380965374,9.30598163498544,81.39963052430285,16.481121006429245,32.1,76.3,1200,0.8660254037844386,0.5000000000000001,7.286064764311679,261.7879873164617,757.5034667537625,53.00465701381783,5.575516645435568,4.81558371094042,5.905083446811425,4,6.329459237932073
4.851798649432803,6.970605278649892,90.59155651508244,16.3888098390626,32.1,76.3,1200,0.8660254037844386,0.5000000000000001,9.381376475186926,439.5319915498925,631.4779820451438,79.51520544297496,6.329459237932073,5.575516645435568,5.5735198647693664,4,5.168754162994548
4.164047790778528,9.360116742401804,77.23722903385887,16.938060969489076,32.1,76.3,1200,0.8660254037844386,0.5000000000000001,8.02590924247147,321.6195129242952,722.9494806165451,70.530895360073,5.168754162994548,6.329459237932073,5.69124334878741,4,6.291378422314535
3.204389043151406,8.30293048931766,83.7598230320601,18.25674580284422,32.1,76.3,1200,0.8660254037844386,0.5000000000000001,7.392380194754411,268.39905918023413,695.4519884327434,58.50171621423444,6.291378422314535,5.168754162994548,5.929863941080399,4,6.300857442289539
9.237575279321735,6.729430737777891,72.58533439296743,19.04506477030751,32.1,76.3,1200,0.8660254037844386,0.5000000000000001,12.866841998970106,670.5124906297776,488.4579803759217,175.93021951527393,6.300857442289539,6.291378422314535,5.920330009199553,4,11.318767965417951
6.512341211388557,8.284399490721457,76.1465815589145,16.253057229773237,32.1,76.3,1200,0.8660254037844386,0.5000000000000001,10.31967028933428,495.8925211924788,630.8287014868512,105.845454408509,11.318767965417951,6.300857442289539,7.970334610007355,4,6.0846907804875165
13.092727224816636,7.228910226578828,75.22187240484261,12.157694265853491,32.1,76.3,1200,0.8660254037844387,-0.4999999999999998,16.853820845058767,984.859456736566,543.7721626897745,159.17737470553712,6.0846907804875165,11.318767965417951,7.9014387293983495,4,25.11718410567313
12.2876603186765,3.84758928337355,87.53895728857063,8.552997334374393,32.1,76.3,1200,0.8660254037844387,-0.4999999999999998,16.66460818310503,1075.6489718130863,336.81395394119926,105.0963259513381,25.11718410567313,6.0846907804875165,14.17354761719288,4,23.186031271490307
18.77674398574088,6.144970425699909,88.10312323557288,11.167698737305084,32.1,76.3,1200,0.8660254037844387,-0.4999999999999998,23.18190014751952,1654.2897893385305,541.3910866943899,209.69302010025925,23.186031271490307,25.11718410567313,18.12930205255033,4,22.968403742457472
12.011142956400416,4.275553514503717,72.85605859781367,10.620855117355724,32.1,76.3,1200,0.8660254037844387,-0.4999999999999998,15.6539458862911,875.0845350582257,311.499977390771,127.56860913377652,22.968403742457472,23.186031271490307,23.75720637320698,4,23.85072797128345
15.318902482227225,2.1685603058526013,84.77927300935254,10.628371372640435,32.1,76.3,1200,0.8660254037844387,-0.4999999999999998,19.55786613269485,1298.72541574439,183.84896620712271,162.81498460237435,23.85072797128345,22.968403742457472,23.335054328410422,4,22.82558506049656
13.048409111990198,2.124233151878479,76.8243952780928,8.974166053485527,32.1,76.3,1200,0.8660254037844387,-0.4999999999999998,16.889628875894836,1002.4361393698028,163.19292732274118,117.09859010481368,22.82558506049656,23.85072797128345,23.214905591412506,4,21.94304176186277
14.535687275732666,2.129387194055864,78.17448696479916,12.987914135655558,32.1,76.3,1200,0.8660254037844387,-0.4999999999999998,18.444411623972623,1136.3198954611605,166.4637514447304,188.7882582399569,21.94304176186277,22.82558506049656,22.87311826454761,4,25.042907658572787
13.608602937706197,5.896636615124894,81.90832464749161,11.75463555293562,32.1,76.3,1200,0.8660254037844387,-0.4999999999999998,17.704019170080777,1114.6578674204472,482.9836261999359,159.96416791734538,25.042907658572787,21.94304176186277,23.27051149364405,4,24.22227788790998
15.46565816364349,1.2279928971539729,90.70836928409352,11.731662231626508,32.1,76.3,1200,0.8660254037844387,-0.4999999999999998,20.001076627848164,1402.864631929329,111.38923319328644,181.4378777656625,24.22227788790998,25.042907658572787,23.736075769448522,4,24.7580572092245
14.683320463905252,3.233827179170968,72.5878616426031,9.31770477886246,32.1,76.3,1200,0.8660254037844387,-0.4999999999999998,18.312713546035408,1065.8308342879573,234.7365998577517,136.81484525609892,24.7580572092245,24.22227788790998,24.674414251902434,4,24.145225703592303
16.05753798284696,4.779827225645139,84.30710921581584,11.117176602854029,32.1,76.3,1200,0.8660254037844387,-0.4999999999999998,20.272893443637752,1353.76460845699,402.97341594519474,178.5144855623461,24.145225703592303,24.7580572092245,24.375186933575606,4,25.9137852979849
15.493222729204314,4.427612768881703,95.0,9.721663035504015,32.1,76.3,1200,0.8660254037844387,-0.4999999999999998,20.243222729204312,1471.85615927441,420.6232130437618,150.61989070733622,25.9137852979849,24.145225703592303,24.93902273693391,4,18.241230626897632
16.05888111185408,3.102666881737286,75.54903366401695,12.388508314254084,32.1,76.3,1200,0.8660254037844387,-0.4999999999999998,19.83633279505493,1213.2329497259095,234.4034846966007,198.9455821718221,18.241230626897632,25.9137852979849,22.766747209491626,4,28.304474685567325
15.944113931479444,3.7498478645502926,77.52193188912999,8.661819507464239,32.1,76.3,1200,0.8660254037844387,-0.4999999999999998,19.820210525935945,1236.018514228678,290.6954507502673,138.105037080921,28.304474685567325,18.241230626897632,24.153163536816635,4,24.675359924445544
11.0076823736707,1.94003280228798,92.90246381076986,10.746315971535775,32.1,76.3,1200,0.8660254037844387,-0.4999999999999998,15.652805564209194,1022.6408133603916,180.2338272062655,118.29203290177028,24.675359924445544,28.304474685567325,23.74035507897018,4,18.83131589664275
11.89232900927131,4.632085925613369,68.7052902355421,10.157993005336692,32.1,76.3,1200,0.8660254037844387,-0.4999999999999998,15.327593521048414,817.0659161585421,318.24880791523617,120.8021948933406,18.83131589664275,24.675359924445544,23.937050168885218,4,26.99460577451504
12.29205515002683,0.1,84.86711726139272,13.841271863753454,32.1,76.3,1200,1.0,6.123233995736766e-17,16.535411013096464,1043.1912858008332,8.486711726139273,170.1376770957721,26.99460577451504,18.83131589664275,23.500427198534457,4,16.898394339670787
11.43683484694328,4.805826377096673,79.86666543895694,16.498027876435295,32.1,76.3,1200,1.0,6.123233995736766e-17,15.430168118891128,913.4218624014233,383.8253274172945,188.6852201230568,16.898394339670787,26.99460577451504,20.90810533694287,4,20.832125289975096
10.819272237367988,5.835265862093495,85.65022737644959,13.943160377424752,32.1,76.3,1200,1.0,6.123233995736766e-17,15.101783606190468,926.6731271782768,499.791847890342,150.85484797264098,20.832125289975096,16.898394339670787,21.575041801386988,4,22.9922073363007
7.460002805212248,6.459000604652079,90.37555686251598,14.576303108008844,32.1,76.3,1200,1.0,6.123233995736766e-17,11.978780648338049,674.2019077169882,583.7357764207591,108.73926207537,22.9922073363007,20.832125289975096,20.240908988648872,4,14.19960856933013
12.854610728578432,4.282450838242542,91.0519068345288,11.1289098941188,32.1,76.3,1200,1.0,6.123233995736766e-17,17.407206070304873,1170.4368184526577,389.92531474710967,143.0578045223222,14.19960856933013,22.9922073363007,19.341313731868656,4,21.59768888785037
11.741493289176807,7.018946536502883,86.04552019571506,13.787711369949578,32.1,76.3,1200,1.0,6.123233995736766e-17,16.04376929896256,1010.3028979417156,603.948905959303,161.88832052336974,21.59768888785037,14.19960856933013,19.596501597827082,4,23.11397494310082
11.289036983290584,6.977811726248292,81.02774611614424,12.269761361022825,32.1,76.3,1200,1.0,6.123233995736766e-17,15.340424289097792,914.7252225778324,565.3963570007007,138.5137897807365,23.11397494310082,21.59768888785037,19.637090800093787,4,25.99430199085885
11.579839444361705,7.0604583950654565,87.6148432048835,11.916051904683515,32.1,76.3,1200,1.0,6.123233995736766e-17,15.96058160460588,1014.565817255476,618.6009552382634,137.9859678669156,25.99430199085885,23.11397494310082,23.568655273936695,4,24.964089134713053
9.152480635954593,4.214492126791935,70.63485461895988,13.504864712447844,32.1,76.3,1200,1.0,6.123233995736766e-17,12.684223366902586,646.4841391234982,297.69003866869934,123.60301277186538,24.964089134713053,25.99430199085885,24.69078868955759,4,24.94952620806881
12.243723009588503,4.747962418932753,90.83250916001892,14.526748201440626,32.1,76.3,1200,1.0,6.123233995736766e-17,16.78534846758945,1112.1280824211822,431.2693399091348,177.861481208477,24.94952620806881,24.964089134713053,25.302639111213583,4,20.495509012909736
11.778307649575613,2.877818137847867,78.86508769596358,14.102108403872933,32.1,76.3,1200,1.0,6.123233995736766e-17,15.721562034373791,928.8972656938192,226.95937981440665,166.0989712884811,20.495509012909736,24.94952620806881,23.469708118563883,4,24.724169478278306
11.815924627254098,5.368279961888831,84.00571378270051,13.682923655273049,32.1,76.3,1200,1.0,6.123233995736766e-17,16.016210316389124,992.60518231507,450.9661899838396,161.67639459117848,24.724169478278306,20.495509012909736,23.3897348997523,4,25.900554853468424
11.112044193684582,3.938750765955854,70.22741561756466,13.3570182096252,32.1,76.3,1200,1.0,6.123233995736766e-17,14.623414974562817,780.3701459506333,276.6082870547829,148.42377664120494,25.900554853468424,24.724169478278306,23.70674444821883,4,26.03972178415606
9.796010566728135,3.4364550833069902,91.00698223521066,14.981646540658431,32.1,76.3,1200,1.0,6.123233995736766e-17,14.346359678488668,891.5053596221633,312.74140671861863,146.760367819276,26.03972178415606,25.900554853468424,25.55481537196761,4,20.29434530652917
8.789687528788004,6.942157342930782,95.0,14.6850320160956,32.1,76.3,1200,1.0,6.123233995736766e-17,13.539687528788004,835.0203152348604,659.5049475784243,129.07684277172805,20.29434530652917,26.03972178415606,24.0782073147179,4,19.254667057791803
8.9749317787069,3.51826516335056,82.2225080391019,15.156203329981956,32.1,76.3,1200,1.0,6.123233995736766e-17,13.086057180661994,737.9414003251192,289.2805856772836,136.02589091079838,19.254667057791803,20.29434530652917,21.86291138282569,4,26.304237489578387
16.03055022092128,4.459968578285452,41.8224374708321,12.346595389316215,11.4,76.7,1850,-1.0,-1.8369701987210287e-16,18.121672094462888,670.436684237514,186.52675698721927,197.9227174458288,26.304237489578387,19.254667057791803,21.951083284633132,5,20.271847544490143
11.038332420976042,3.271015650758935,40.85845941704629,13.867863133956387,11.4,76.7,1850,-1.0,-1.8369701987210287e-16,13.081255391828355,451.009257254316,133.6486602190572,153.0780832412092,20.271847544490143,26.304237489578387,21.943584030620126,5,22.971352568789644
10.016606673119378,0.6129191066707733,46.514626458339,14.445866410070185,11.4,76.7,1850,-1.0,-1.8369701987210287e-16,12.342337996036328,465.9187177802536,28.509703295969857,144.69856188210008,22.971352568789644,20.271847544490143,23.182479200952738,5,16.395334856853648
15.117578368993788,0.1,58.03713704890239,13.440986624072035,11.4,76.7,1850,-1.0,-1.8369701987210287e-16,18.019435221438908,877.3809676488147,5.803713704890239,203.19516864600624,16.395334856853648,22.971352568789644,19.87951165671116,5,15.067848300818127
12.02565728708737,2.838333727174023,42.85083397352206,11.245460324344403,11.4,76.7,1850,-1.0,-1.8369701987210287e-16,14.168198985763471,515.3094438314565,121.62496730458211,135.23405189610418,15.067848300818127,16.395334856853648,18.14484524215382,5,17.69756432029974
10.2862962697444,0.1,42.94927457302006,13.19292836226479,11.4,76.7,1850,-1.0,-1.8369701987210287e-16,12.433759998395404,441.78896282868425,4.294927457302006,135.70636979976942,17.69756432029974,15.067848300818127,16.386915825990517,5,14.57259205068996
10.32787569579995,4.727671298934252,44.26635180683899,12.668345732692188,11.4,76.7,1850,-1.0,-1.8369701987210287e-16,12.5411932861419,457.1773789675826,209.27676094571908,130.8370999986627,14.57259205068996,17.69756432029974,15.779334890602621,5,16.726684277021537
9.385260435538072,0.1,39.95980016372884,15.097933253764769,11.4,76.7,1850,-1.0,-1.8369701987210287e-16,11.383250443724512,375.0331314886521,3.9959800163728847,141.69803562495306,16.726684277021537,14.57259205068996,16.33228021600376,5,11.994017439072111
11.50185631069392,0.1,48.233702922218654,15.073809117036438,11.4,76.7,1850,-1.0,-1.8369701987210287e-16,13.91354145680485,554.7771203440565,4.823370292221866,173.3767865189811,11.994017439072111,16.726684277021537,14.431097922261218,5,11.878985429420096
12.974610474089989,4.022539386863952,37.96573774070409,14.522892679791468,11.4,76.7,1850,-1.0,-1.8369701987210287e-16,14.872897361125194,492.5906585470929,152.71867541332944,188.4288754773072,11.878985429420096,11.994017439072111,13.533229048504595,5,21.360860027229865
12.961489159535969,4.87210047133232,41.040276157055416,13.253641252536177,11.4,76.7,1850,-1.0,-1.8369701987210287e-16,15.01350296738874,531.9430945140363,199.95234880839828,171.7869274191264,21.360860027229865,11.878985429420096,15.07795429857404,5,20.35900488973902
10.389656496514249,4.032375945755717,30.0,12.208715898361564,11.4,76.7,1850,-1.0,-1.8369701987210287e-16,11.889656496514249,311.68969489542746,120.97127837267152,126.84436444750902,20.35900488973902,21.360860027229865,17.86628344879634,5,21.660814454814908
12.740423779883482,3.047307989310977,44.19619423542636,13.913913945497685,11.4,76.7,1850,-1.0,-1.8369701987210287e-16,14.9502334916548,563.0782440173753,134.6794157907545,177.2691601024711,21.660814454814908,20.35900488973902,21.126893123927946,5,18.522510044244747
13.091573427064713,0.1,44.935094387106,14.237133837984777,11.4,76.7,1850,-1.0,-1.8369701987210287e-16,15.338328146420013,588.2710876208816,4.4935094387106,186.3864830309253,18.522510044244747,21.660814454814908,20.180776462932908,5,14.327366755527011
9.90003165733929,3.709552308801237,35.41788744519178,16.705579022918094,11.4,76.7,1850,-0.8660254037844386,0.5000000000000001,11.67092602959888,350.63820694347845,131.3845061451735,165.3857611810723,14.327366755527011,18.522510044244747,18.17023041819557,5,19.843658306675486
7.474680959367665,2.550768973870165,55.361930294563,17.69372543610028,11.4,76.7,1850,-0.8660254037844386,0.5000000000000001,10.242777474095814,413.81276624661,141.21549412893407,132.2549526174981,19.843658306675486,14.327366755527011,17.564511702149098,5,10.371860286598356
8.695123227607104,3.396938263521231,50.52484351281706,17.287366094291134,11.4,76.7,1850,-0.8660254037844386,0.5000000000000001,11.221365403247956,439.31974039950967,171.6297741871107,150.31577847061834,10.371860286598356,19.843658306675486,14.8476284496003,5,19.050778588643865
12.339873176161085,0.3761775909245917,32.86475007171396,18.17538449719791,11.4,76.7,1850,-0.8660254037844386,0.5000000000000001,13.983110679746783,405.5468478511812,12.362982508316158,224.2819396233865,19.050778588643865,10.371860286598356,16.42209906063925,5,11.636348988978796
5.621535069845741,5.33151440705819,52.255542150715016,15.942907346583674,11.4,76.7,1850,-0.8660254037844386,0.5000000000000001,8.234312177381492,293.7563627940468,278.60117582517364,89.62361276412143,11.636348988978796,19.050778588643865,13.686329288073688,5,11.205282268324558
7.514602504349437,0.1,44.041134185289685,15.440290203459671,11.4,76.7,1850,-0.8660254037844386,0.5000000000000001,9.71665921361392,330.95161724316745,4.4041134185289685,116.02764343080013,11.205282268324558,11.636348988978796,13.964136615315757,5,8.733562791970757
7.134452232823223,4.811179798980069,45.30048329036638,16.630424896228178,11.4,76.7,1850,-0.8660254037844386,0.5000000000000001,9.39947639734154,323.1941341589255,217.9487700906449,118.64897203369404,8.733562791970757,11.205282268324558,10.525064683091387,5,13.231859248047735
9.595687559791534,0.1,48.04342373495725,17.83750463481756,11.4,76.7,1850,-0.8660254037844386,0.5000000000000001,11.997858746539396,461.0096834633226,4.804342373495725,171.16312132204268,13.231859248047735,8.733562791970757,11.056901436114366,5,12.658682740057529
9.99526415384049,2.649954393215899,53.75561102420009,16.562362051612194,11.4,76.7,1850,-0.8660254037844386,0.5000000000000001,12.683044705050492,537.3015319379798,142.44991759358405,165.54518371740738,12.658682740057529,13.231859248047735,11.541368260025356,5,19.521857923605346
7.606156384006221,2.294380708461201,48.03436230443609,14.381438850710522,11.4,76.7,1850,-0.8660254037844386,0.5000000000000001,10.007874499228024,365.3568714935543,110.20911421453408,109.38747292552692,19.521857923605346,12.658682740057529,15.137466637236885,5,11.248386681023105
8.454068957729778,2.5754065142744973,52.41102913832607,18.02033054071504,11.4,76.7,1850,-0.8660254037844386,0.5000000000000001,11.07462041464608,443.0864544809933,134.97970586267544,152.34511703228887,11.248386681023105,19.521857923605346,14.476309114895344,5,21.000981437006672
7.749651143233671,4.917307072462266,46.75769806389365,16.42258566738488,11.4,76.7,1850,-0.8660254037844386,0.5000000000000001,10.087536046428356,362.3558482558282,229.92195938163945,127.26930979210212,21.000981437006672,11.248386681023105,17.257075347211725,5,10.972533966617682
10.299344037757496,3.816696741753048,57.82070401381502,17.433092004514755,11.4,76.7,1850,-0.8660254037844386,0.5000000000000001,13.190379238448244,595.5153231436267,220.6840926153952,179.54941219637692,10.972533966617682,21.000981437006672,14.407300694882503,5,21.80870209614787
6.082443087626451,0.5185254858109931,35.01078480601059,17.619498368206695,11.4,76.7,1850,-0.8660254037844386,0.5000000000000001,7.83298232792698,212.95110603569628,18.15398420016077,107.16959605714436,21.80870209614787,10.972533966617682,17.927405833257424,5,10.179822477672197
8.821100170655233,2.7614039097770773,58.82494198779048,18.259023671347403,11.4,76.7,1850,-0.8660254037844386,0.5000000000000001,11.762347270044756,518.9007058072829,162.43942479749438,161.06467682332053,10.179822477672197,21.80870209614787,14.320352846812598,5,19.24137834086127
7.444911487368897,5.806090542724196,51.0537325183182,18.965287862121347,11.4,76.7,1850,-0.8660254037844386,0.5000000000000001,9.997598113284806,380.0905196986861,296.42259354537805,141.1948894659651,19.24137834086127,10.179822477672197,17.076634304893798,5,12.102534544112652
16.27977446567826,3.094458950955053,36.55771652308353,11.23664215894065,11.4,76.7,1850,-0.8660254037844385,-0.5000000000000004,18.107660291832435,595.1513799759994,113.12635312133324,182.93000009908585,12.102534544112652,19.24137834086127,13.841245120882057,5,19.76320527746308
15.825129342445642,2.198861776241793,55.27624849522714,10.910877228091255,11.4,76.7,1850,-0.8660254037844385,-0.5000000000000004,18.588941767207,874.7537820021357,121.54482995019788,172.6660433740889,19.76320527746308,12.102534544112652,17.035706054145685,5,19.6507403770596
14.783546985110483,1.8284537766218416,50.16837185345679,8.165526061855767,11.4,76.7,1850,-0.8660254037844385,-0.5000000000000004,17.291965577783323,741.6664824620727,91.73054898242196,120.7154381935889,19.6507403770596,19.76320527746308,17.17216006621179,5,14.147398433248194
14.030013748365974,1.4995825402276086,47.04695318939478,10.131313835546376,11.4,76.7,1850,-0.8660254037844385,-0.5000000000000004,16.382361407835713,660.0694000659391,70.55078957372201,142.14247240172605,14.147398433248194,19.6507403770596,17.853781362590308,5,17.44022804131564
17.499800478847426,1.6607581975658467,40.072206086813374,11.477781507198308,11.4,76.7,1850,-0.8660254037844385,-0.5000000000000004,19.50341078318809,701.2556112664894,66.55024475322332,200.8588863157751,17.44022804131564,14.147398433248194,17.079455617207827,5,19.06819519634905
15.599294844411675,1.565906705402491,56.84773307744775,9.833942772731136,11.4,76.7,1850,-0.8660254037844385,-0.5000000000000004,18.441681498284066,886.7845495115217,89.01824641290642,153.40257279490427,19.06819519634905,17.44022804131564,16.88527389030431,5,19.84347681984673
17.053073367344616,0.147401108747194,42.48087684033174,11.12625234527854,11.4,76.7,1850,-0.8660254037844385,-0.5000000000000004,19.177117209361203,724.4295094673079,6.261728346817894,189.73679754762503,19.84347681984673,19.06819519634905,18.783966685837157,5,12.625276782279794
16.221070634947885,0.1,51.63200327611538,8.0,11.4,76.7,1850,-0.8660254037844385,-0.5000000000000004,18.802670798753653,837.5263721657282,5.163200327611538,129.76856507958308,12.625276782279794,19.84347681984673,17.178982932825207,5,14.954916477735802
16.419068460525594,0.1,49.55027613062801,12.553165124625414,11.4,76.7,1850,-0.8660254037844385,-0.5000000000000004,18.896582267057,813.5693760267286,4.955027613062802,206.11127757750697,14.954916477735802,12.625276782279794,15.807890026620791,5,13.915608434576235
15.15280283654365,0.1,39.88651715458028,12.05514187518096,11.4,76.7,1850,-0.8660254037844385,-0.5000000000000004,17.147128694272663,604.392530279771,3.988651715458028,182.66918800117816,13.915608434576235,14.954916477735802,13.831933898197294,5,14.388086693394362
14.119202167031297,0.1,31.389727901463736,11.07124020237746,11.4,76.7,1850,-0.8660254037844385,-0.5000000000000004,15.688688562104485,443.1979142088695,3.138972790146374,156.31707865713184,14.388086693394362,13.915608434576235,14.41953720190215,5,12.719753299372824
14.198657234975045,0.1,56.31994039742571,12.41418277121011,11.4,76.7,1850,-0.8660254037844385,-0.5000000000000004,17.014654254846327,799.6675291972718,5.631994039742572,176.26472602074497,12.719753299372824,14.388086693394362,13.674482809114492,5,12.73612860155172
12.126494594995073,0.1,40.653385901723496,11.149830431613816,11.4,76.7,1850,-0.8660254037844385,-0.5000000000000004,14.159163890081247,492.9830644054989,4.06533859017235,135.20835846407653,12.73612860155172,12.719753299372824,13.281322864772987,5,10.77176860519854
14.82133553714528,0.1849452489306259,54.53311176625167,13.51606563170823,11.4,76.7,1850,-0.8660254037844385,-0.5000000000000004,17.547991125457862,808.2535473722613,10.08563993057106,200.3261438696252,10.77176860519854,12.73612860155172,12.075883502041044,5,11.790290534582033
13.919612560368208,4.992612669686661,33.110803369955256,10.10349847511771,11.4,76.7,1850,-0.8660254037844385,-0.5000000000000004,15.57515272886597,460.8895544723112,165.3094164083424,140.63678427790953,11.790290534582033,10.77176860519854,11.766062580444114,5,19.49210321366031
15.08068645545401,0.1,42.77079108140887,11.294361411000075,11.4,76.7,1850,-0.8660254037844385,-0.5000000000000004,17.219226009524455,645.012889750456,4.277079108140888,170.32672315387128,19.49210321366031,11.790290534582033,14.018054117813643,5,14.213841787619934
5.675196787527964,5.1275295944647565,40.24965133215403,17.860675650676825,11.4,76.7,1850,-0.5000000000000004,0.8660254037844384,7.687679354135666,228.4246919393612,206.3812783725076,101.36284907580006,14.213841787619934,19.49210321366031,15.165411845287442,5,5.273200840175828
2.7130585264592586,5.120965908129636,60.37224937383242,21.48819946178838,11.4,76.7,1850,-0.5000000000000004,0.8660254037844384,5.73167099515088,163.79344592520067,309.1642308404966,58.29874276806222,5.273200840175828,14.213841787619934,12.993048613818706,5,4.7339262908735975
6.084278748336345,7.671068534091173,59.54482564102916,17.62166917434172,11.4,76.7,1850,-0.5000000000000004,0.8660254037844384,9.061520030387804,362.2873172211068,456.77243834284405,107.215147267661,4.7339262908735975,5.273200840175828,8.073656306223137,5,5.348952031936733
3.714510647136287,4.13998207982232,48.75074897495108,18.806452211555364,11.4,76.7,1850,-0.5000000000000004,0.8660254037844384,6.15204809588384,181.0851761233242,201.8272271342138,69.85676697468217,5.348952031936733,4.7339262908735975,5.118693054328737,5,5.236986802565559
1.9966271768261423,4.486647977144698,51.43245028911071,19.365863108286167,11.4,76.7,1850,-0.5000000000000004,0.8660254037844384,4.568249691281678,102.69142801799802,230.75929904923385,38.66640858469895,5.236986802565559,5.348952031936733,5.106621708458646,5,5.067601388802919
3.856504078977548,4.501835203729801,62.66233291578324,19.50755744980757,11.4,76.7,1850,-0.5000000000000004,0.8660254037844384,6.989620724766709,241.6575424879672,282.0954962681096,75.23097487607176,5.067601388802919,5.236986802565559,5.217846741101753,5,5.588942498322823
7.044549781536367,3.352510680789715,42.6575742540568,18.95520574341839,11.4,76.7,1850,-0.5000000000000004,0.8660254037844384,9.177428494239209,300.5034053922872,143.00997330330577,133.5308904787749,5.588942498322823,5.067601388802919,5.29784356323045,5,5.6768459620045055
8.785091642848403,3.81292519312061,57.59566883482013,16.490358233863084,11.4,76.7,1850,-0.5000000000000004,0.8660254037844384,11.66487508458941,505.9832289450426,219.60797671491724,144.86930830788694,5.6768459620045055,5.588942498322823,5.444463283043433,5,8.645652032492364
4.952144482664686,5.763577543976144,57.32717646072004,16.202854752029026,11.4,76.7,1850,-0.5000000000000004,0.8660254037844384,7.818503305700688,283.8924606166996,330.40962690856384,80.23887776367782,8.645652032492364,5.6768459620045055,6.637146830939915,5,4.857624347368269
6.061208077274558,5.543327198114849,51.725532207234224,20.70503919040126,11.4,76.7,1850,-0.5000000000000004,0.8660254037844384,8.647484687636268,313.5192136158134,286.73154952132705,125.4975507811464,4.857624347368269,8.645652032492364,6.393374113955063,5,4.803796671045164
5.686603909163869,3.1272326344380383,57.21280612408944,20.98937339894485,11.4,76.7,1850,-0.5000000000000004,0.8660254037844384,8.547244215368341,325.34656695948155,178.91775441902894,119.35825282133992,4.803796671045164,4.857624347368269,6.102357683635282,5,5.090799148383733
6.153613806846473,6.528795469690026,49.65323844122558,19.104538915678067,11.4,76.7,1850,-0.5000000000000004,0.8660254037844384,8.636275728907751,305.5468536265658,324.17583819051225,117.5619544449523,5.090799148383733,4.803796671045164,4.9174067222657385,5,5.355467419008483
2.757563532297952,2.110200425751948,42.58790200752856,20.18923017484434,11.4,76.7,1850,-0.5000000000000004,0.8660254037844384,4.88695863267438,117.4388454930395,89.869008948169,55.67308487532015,5.355467419008483,5.090799148383733,5.083354412812477,5,5.509298714416171
4.6436613742687705,5.535267930517779,60.5237814889721,19.594577912465432,11.4,76.7,1850,-0.5000000000000004,0.8660254037844384,7.669850448717375,281.0519463250229,335.0153467095729,90.99058459721572,5.509298714416171,5.355467419008483,5.318521760602812,5,5.823357469063024
6.817445471735763,2.844143688566726,54.36489260475437,18.745453499625576,11.4,76.7,1850,-0.5000000000000004,0.8660254037844384,9.53569010197348,370.6296909096837,154.62156618142,127.79610707665567,5.823357469063024,5.509298714416171,5.562707867495909,5,5.525647040335358
4.639875729024029,6.65141212032141,68.08053115622015,21.163692596615626,11.4,76.7,1850,-0.5000000000000004,0.8660254037844384,8.043902286835035,315.88520413081005,452.8316700904021,98.19690361556236,5.525647040335358,5.823357469063024,5.619434407938201,5,5.4732468252539705
18.184487465718178,0.1,57.55619736626365,11.284273480031796,11.4,76.7,1850,-0.4999999999999997,-0.8660254037844388,21.06229733403136,1046.629949581223,5.7556197366263655,205.19872965737423,5.4732468252539705,5.525647040335358,5.607417111550801,5,13.198350935097572
20.947146807467448,0.1,43.0078723163328,8.666080430790934,11.4,76.7,1850,-0.4999999999999997,-0.8660254037844388,23.097540423284087,900.8922152870382,4.30078723163328,181.52965902909844,13.198350935097572,5.4732468252539705,8.065748266895651,5,11.13313689091056
17.464939752458456,4.88310389144436,55.39446665216179,9.957107091246714,11.4,76.7,1850,-0.4999999999999997,-0.8660254037844388,20.234663085066543,967.4610226995746,270.4969356736561,173.9002754574007,11.13313689091056,13.198350935097572,9.934911550420718,5,19.63301767112915
17.95165554537242,2.368876173275272,55.18104682141496,8.0,11.4,76.7,1850,-0.4999999999999997,-0.8660254037844388,20.71070788644317,990.5911451711092,130.7170670316371,143.61324436297937,19.63301767112915,11.13313689091056,14.654835165712443,5,21.480179553228098
21.852595107710783,1.9994940501618497,62.69589751257473,8.448329622274427,11.4,76.7,1850,-0.4999999999999997,-0.8660254037844388,24.98738998333952,1370.0680632568271,125.36007404595028,184.61792657204225,21.480179553228098,19.63301767112915,17.415444705089286,5,16.594205405514174
18.80292407562104,1.588469438158581,52.646059954908345,10.83872265603534,11.4,76.7,1850,-0.4999999999999997,-0.8660254037844388,21.43522707336645,989.8998682127348,83.62665727783623,203.7996791781461,16.594205405514174,21.480179553228098,19.235800876623824,5,18.51600602622503
19.100424966793465,0.1,62.92132991167432,8.478150964874064,11.4,76.7,1850,-0.4999999999999997,-0.8660254037844388,22.24649146237718,1201.8241407887926,6.292132991167432,161.93628636172468,18.51600602622503,16.594205405514174,18.863463661655782,5,14.15344027930842
19.41551767768094,0.1,47.11568319423257,8.0,11.4,76.7,1850,-0.4999999999999997,-0.8660254037844388,21.771301837392567,914.7753799536372,4.7115683194232565,155.3241414214475,14.15344027930842,18.51600602622503,16.42121723701589,5,12.481905462468331
19.914176147304428,0.9871870151218688,63.60274721565519,9.119850275098036,11.4,76.7,1850,-0.4999999999999997,-0.8660254037844388,23.094313508087183,1266.5963115050338,62.7878061773734,181.61430481534504,12.481905462468331,14.15344027930842,15.050450589333943,5,20.440457182148183
16.81802449392212,1.3547579936009313,47.12276172122191,8.0,11.4,76.7,1850,-0.4999999999999997,-0.8660254037844388,19.17416257998321,792.5117608487658,63.83993812237737,134.54419595137696,20.440457182148183,12.481905462468331,15.691934307974995,5,18.65766104984867
17.62040645362436,1.1568492808356725,54.62103437964452,8.0,11.4,76.7,1850,-0.4999999999999997,-0.8660254037844388,20.351458172606584,962.4448266867264,63.1883043405923,140.96325162899487,18.65766104984867,20.440457182148183,17.19334123148841,5,18.81718701827393
19.57688365030525,0.1,61.71731091544952,8.0,11.4,76.7,1850,-0.4999999999999997,-0.8660254037844388,22.662749196077726,1208.2326150014692,6.171731091544952,156.615069202442,18.81718701827393,18.65766104984867,19.305101750090277,5,11.73935943759167
16.21433209087636,1.548528630628189,59.41508777457724,9.82419288991981,11.4,76.7,1850,-0.4999999999999997,-0.8660254037844388,19.185086479605225,963.3759643855636,92.00596451021974,159.29272604198616,11.73935943759167,18.81718701827393,16.404735835238107,5,18.72608150134652
20.69049667190225,1.1048738986016091,58.16336788310432,8.0,11.4,76.7,1850,-0.4999999999999997,-0.8660254037844388,23.598665066057464,1203.428969611996,64.26318702880509,165.523973375218,18.72608150134652,11.73935943759167,16.427542652404057,5,18.972604179595795
19.361569468204085,0.4955223861785265,53.249069986115,9.953212039854131,11.4,76.7,1850,-0.4999999999999997,-0.8660254037844388,22.02402296750984,1030.9855676534266,26.386106221307063,192.70980634140105,18.972604179595795,18.72608150134652,16.47934837284468,5,15.00875332386318
18.5516805601029,3.4884484128348507,63.17212314225492,10.18221985928086,11.4,76.7,1850,-0.4999999999999997,-0.8660254037844388,21.710286717215645,1171.949048838597,220.3726927110069,188.8972902221144,15.00875332386318,18.972604179595795,17.56914633493518,5,20.020204918855143
3.871844471702567,7.193902162594021,47.43097743120043,19.756814036780213,11.4,76.7,1850,-2.4492935982947064e-16,1.0,6.243393343262588,183.64536775444265,341.213811116261,76.49531120676315,20.020204918855143,15.00875332386318,18.000520807438054,5,6.018235611873955
5.775007934828119,7.643013652182597,65.48068795692132,20.582468008135173,11.4,76.7,1850,-2.4492935982947064e-16,1.0,9.049042332674183,378.1514925292247,500.46979200905815,118.86391606532652,6.018235611873955,20.020204918855143,13.682397951530776,5,4.951215962199236
6.7251257054249045,9.402549470536217,90.21645387609668,18.314758950140604,11.4,76.7,1850,-2.4492935982947064e-16,1.0,11.235948399229738,606.716993014418,848.2646706263479,123.16905620425142,4.951215962199236,6.018235611873955,10.329885497642794,5,4.842010307934019
7.197076224192683,7.72557726079588,71.89778809509582,17.87565941631103,11.4,76.7,1850,-2.4492935982947064e-16,1.0,10.791965628947471,517.4538612712579,555.451916808993,128.65248337689818,4.842010307934019,4.951215962199236,5.27048729400242,5,5.569019749354901
3.273766677688867,2.1064066220696223,61.893224493590736,19.54157133339753,11.4,76.7,1850,-2.4492935982947064e-16,1.0,6.368427902368404,202.62397592183376,130.37229793454128,63.97454506095684,5.569019749354901,4.842010307934019,5.120748673162735,5,5.990194459961246
4.615353306802228,3.930281565868517,57.95396728317816,22.0,11.4,76.7,1850,-2.4492935982947064e-16,1.0,7.513051670961135,267.47803454272446,227.77540928202225,101.537772749649,5.990194459961246,5.569019749354901,5.467074839083405,5,5.596009220687364
3.031652097502526,4.188827704053134,63.59697235281048,20.737258470870174,11.4,76.7,1850,-2.4492935982947064e-16,1.0,6.21150071514305,192.80389462820804,266.39675968535374,62.86815313966559,5.596009220687364,5.990194459961246,5.718407810001186,5,5.522858887682608
-0.7839124086260476,7.810869095123042,64.95551765081544,21.76776903469764,11.4,76.7,1850,-2.4492935982947064e-16,1.0,2.4638634739147243,-50.91943629520248,507.3590453764736,-17.064024254405318,5.522858887682608,5.596009220687364,5.703020856110423,5,4.447601359606846
1.7575125198112165,7.980140313141273,63.94290728878762,19.214403045842868,11.4,76.7,1850,-2.4492935982947064e-16,1.0,4.954657884250597,112.38046011317212,510.27337219470905,33.76955391376761,4.447601359606846,5.522858887682608,5.1888231559922895,5,6.031810382891951
1.7450078020939226,8.37713833006678,66.235949324762,19.49517111518274,11.4,76.7,1850,-2.4492935982947064e-16,1.0,5.056805268332022,115.58224835080738,554.8677099168247,34.01922569914996,6.031810382891951,4.447601359606846,5.334090210060485,5,5.173954875882574
2.80674188277654,10.317199021824504,60.79495252811692,20.048610520010204,11.4,76.7,1850,-2.4492935982947064e-16,1.0,5.846489509182385,170.63573952207727,627.233624754955,56.27127483798699,5.173954875882574,6.031810382891951,5.217788872793807,5,5.151031451605292
1.8831187327166945,1.1251983085737631,66.60367705130983,20.913358034381947,11.4,76.7,1850,-2.4492935982947064e-16,1.0,5.213302585282186,125.42263192313456,74.94234476292698,39.38233627855583,5.151031451605292,5.173954875882574,5.452265570126623,5,5.484389875216455
6.377193646174016,9.820044626332404,71.74484265858592,21.74425786630248,11.4,76.7,1850,-2.4492935982947064e-16,1.0,9.964435779103312,457.5307547480886,704.5375566165105,138.66734310575353,5.484389875216455,5.151031451605292,5.269792067568123,5,5.217901306476649
5.315526352300747,5.982255771075103,55.50405289355405,21.586721271231195,11.4,76.7,1850,-2.4492935982947064e-16,1.0,8.090728996978449,295.03325581518106,332.03944074052146,114.7447857770005,5.217901306476649,5.484389875216455,5.284440877766149,5,4.86344220469382
1.9887972486210683,6.841648711451176,60.69883393776147,20.983105744775354,11.4,76.7,1850,-2.4492935982947064e-16,1.0,5.023738945509143,120.71767392992714,415.2800989968747,41.73114297273416,4.86344220469382,5.217901306476649,5.188577795462325,5,5.30923910645169
1.8157168131425336,5.61396818847488,62.238682356401625,20.73388180261449,11.4,76.7,1850,-2.4492935982947064e-16,1.0,4.927650930962615,113.007821982356,349.4059828414315,37.64685779071716,5.30923910645169,4.86344220469382,5.13019420587407,5,5.607358073217615
19.096101256176244,0.3000026450010089,64.94364011615556,8.0,11.4,76.7,1850,1.2246467991473532e-16,-1.0,22.343283261984023,1240.170327602776,19.4832638108403,152.76881004940995,5.607358073217615,5.30923910645169,5.2600131281210585,5,13.627299236299534
21.171808402329297,0.4051393845451136,53.6778624646065,8.327801063616418,11.4,76.7,1850,1.2246467991473532e-16,-1.0,23.855701525559624,1136.4574195472323,21.74701616260793,176.31460853160092,13.627299236299534,5.607358073217615,8.181298805322962,5,14.13632692831258
19.814111586772825,1.399675812396858,73.93467020423964,8.279624254616069,11.4,76.7,1850,1.2246467991473532e-16,-1.0,23.51084509698481,1464.949805558052,103.48456958241287,164.05339887751356,14.13632692831258,13.627299236299534,11.123661412609925,5,22.455388069927963
17.266283273438347,3.063814204135019,43.3648669471778,8.0,11.4,76.7,1850,1.2246467991473532e-16,-1.0,19.43452662079724,748.7500768249355,132.86189531318854,138.13026618750678,22.455388069927963,14.13632692831258,16.739671411513374,5,20.13105250181598
20.92054324996461,2.2683643369806337,56.84243744232914,8.309542656988176,11.4,76.7,1850,1.2246467991473532e-16,-1.0,23.762665122081067,1189.1746709456545,128.9393579212321,173.84014654294697,20.13105250181598,22.455388069927963,18.907589166685522,5,21.23730701445292
16.999556277106127,0.3210055707994881,75.80858313930511,9.329286782877194,11.4,76.7,1850,1.2246467991473532e-16,-1.0,20.789985434071383,1288.712275364296,24.33497750213309,158.59373569078323,21.23730701445292,20.13105250181598,21.274582528732306,5,12.856788969290047
18.97043465017052,2.365740064813047,64.51677016642473,9.691670375950848,11.4,76.7,1850,1.2246467991473532e-16,-1.0,22.19627315849176,1223.9111722822315,152.62990803504613,183.8551995179691,12.856788969290047,21.23730701445292,18.07504949518633,5,21.17555161284477
22.19460037508742,0.1,40.938941282449946,8.856769109328813,11.4,76.7,1850,1.2246467991473532e-16,-1.0,24.24154743920992,908.6234415431454,4.093894128244995,196.572450995972,21.17555161284477,12.856788969290047,18.42321586552926,5,13.896221494197228
20.050421735080164,0.1,66.31435812296455,11.294334713229198,11.4,76.7,1850,1.2246467991473532e-16,-1.0,23.36613964122839,1329.6308474565783,6.631435812296456,226.4561742174011,13.896221494197228,21.17555161284477,15.976187358777365,5,13.44302060447651
17.03188667015133,1.461743235359542,74.65286523891132,8.0,11.4,76.7,1850,1.2246467991473532e-16,-1.0,20.76452993209689,1271.4791403512172,109.12332076318611,136.25509336121064,13.44302060447651,13.896221494197228,16.17159790383952,5,20.17426037187294
21.88236373283993,2.2624751281864297,80.5867411583185,9.53766372887266,11.4,76.7,1850,1.2246467991473532e-16,-1.0,25.911700790755862,1763.428382070548,182.3254975322933,208.706626876706,20.17426037187294,13.44302060447651,15.837834156848908,5,18.53355471253052
20.291672940430768,3.0492785294730336,69.11906876861097,9.229887878952852,11.4,76.7,1850,1.2246467991473532e-16,-1.0,23.74762637886132,1402.5415373997969,210.7632923732956,187.2898661165575,18.53355471253052,20.17426037187294,17.383611896293342,5,16.699638964703702
22.34688455326489,1.3335902137167392,62.27521034472111,8.750214549670826,11.4,76.7,1850,1.2246467991473532e-16,-1.0,25.460645070500945,1391.65693610377,83.04961107287151,195.54003435779268,16.699638964703702,18.53355471253052,18.469151349702404,5,23.57299719503192
19.93214954814418,0.1,68.36559704814783,8.0,11.4,76.7,1850,1.2246467991473532e-16,-1.0,23.35042940055157,1362.673304311847,6.836559704814784,159.45719638515345,23.57299719503192,16.699638964703702,19.602063624088732,5,15.0526556203476
21.00166318200842,0.1217320537562376,70.93967130874097,8.0,11.4,76.7,1850,1.2246467991473532e-16,-1.0,24.54864674744547,1489.8510830685643,8.635631881205482,168.01330545606737,15.0526556203476,23.57299719503192,18.441763926694424,5,15.319712791179471
20.418940167295546,0.1,64.95236232629817,9.176004168966122,11.4,76.7,1850,1.2246467991473532e-16,-1.0,23.666558283610456,1326.2584000651837,6.495236232629818,187.36428010097373,15.319712791179471,15.0526556203476,17.98178853551968,5,13.66992067810066
16.13662482589054,4.406241348209239,69.20807734605913,8.510762050527832,11.4,76.7,1850,0.4999999999999999,-0.8660254037844387,19.597028693193497,1116.7847790545704,304.9474920322688,137.3349741917945,13.66992067810066,15.319712791179471,14.680763029875926,5,22.28397629873281
22.15776081169521,2.579486555708321,85.60345687276063,8.0,11.4,76.7,1850,0.4999999999999999,-0.8660254037844387,26.437933655333243,1896.7809220408965,220.8129661254431,177.26208649356167,22.28397629873281,13.66992067810066,17.09120325600433,5,20.83514136678944
23.29639669703642,4.36455728140147,70.35481357956839,8.0,11.4,76.7,1850,0.4999999999999999,-0.8660254037844387,26.81413737601484,1639.01364669567,307.0676138903482,186.37117357629137,20.83514136678944,22.28397629873281,18.92967944787432,5,26.74331917800632
17.201216020345644,3.16113588681427,75.14413497635557,9.512793096058475,11.4,76.7,1850,0.4999999999999999,-0.8660254037844387,20.958422769163423,1292.5704983903029,237.54082175737287,163.63160900215448,26.74331917800632,20.83514136678944,23.287478947842875,5,24.75523550164484
18.719517644301728,4.010156964703085,69.09554333070886,9.075724321196445,11.4,76.7,1850,0.4999999999999999,-0.8660254037844387,22.17429481083717,1293.4352425218192,277.083974317586,169.89318156545517,24.75523550164484,26.74331917800632,24.111232015480216,5,25.6887364095556
20.119185025554025,2.043753351766656,73.94264515484502,8.912266025369801,11.4,76.7,1850,0.4999999999999999,-0.8660254037844387,23.816317283296275,1487.6657591492128,151.120528873707,179.307529161374,25.6887364095556,24.75523550164484,25.729097029735602,5,24.702197338957355
15.890381580095376,0.1,78.10700583384134,8.66161123037206,11.4,76.7,1850,0.4999999999999999,-0.8660254037844387,19.79573187178744,1241.1501267784745,7.8107005833841345,137.63630754905142,24.702197338957355,25.6887364095556,25.048723083385948,5,13.729203582741604
21.496394818171744,0.1,55.90456103843462,8.060030319278145,11.4,76.7,1850,0.4999999999999999,-0.8660254037844387,24.29162287009348,1201.746516218772,5.590456103843462,173.26159398963784,13.729203582741604,24.702197338957355,21.373379110418202,5,14.89097601588986
15.244407684359796,5.007678064155879,70.28086145795514,9.851880797568931,11.4,76.7,1850,0.4999999999999999,-0.8660254037844387,18.75845075725756,1071.3901044730776,351.9439282529804,150.18608733585654,14.89097601588986,13.729203582741604,17.774125645862956,5,21.476405317962428
21.94646525708461,4.434755329955063,79.06886698586753,8.158383597361404,11.4,76.7,1850,0.4999999999999999,-0.8660254037844387,25.899908606377988,1735.2821422223865,350.651079299084,179.047682173461,21.476405317962428,14.89097601588986,16.698861638864646,5,19.729249784551005
15.606036399141166,4.230046994191447,58.49277478016437,8.327821838929566,11.4,76.7,1850,0.4999999999999999,-0.8660254037844387,18.530675138149384,912.8403723060115,247.4271861407516,129.96429074389752,19.729249784551005,21.476405317962428,18.69887703946778,5,22.653907245804515
17.713258655034895,2.414818879312392,69.50976691395933,8.0,11.4,76.7,1850,0.4999999999999999,-0.8660254037844387,21.18874700073286,1231.2444803981482,167.85349744043285,141.70606924027916,22.653907245804515,19.729249784551005,21.286520782772666,5,24.31569554742514
19.381571727264703,2.100427372031187,70.57528146468694,9.847643335934048,11.4,76.7,1850,0.4999999999999999,-0.8660254037844387,22.91033580049905,1367.859879879725,148.23825297723374,190.862805659926,24.31569554742514,22.653907245804515,22.23295085926024,5,25.4203961065628
16.53915735074344,3.795149438281904,68.23876833259072,9.633931051905009,11.4,76.7,1850,0.4999999999999999,-0.8660254037844387,19.951095767372976,1128.6117268736466,258.97632330648065,159.33710157367022,25.4203961065628,24.31569554742514,24.129999633264173,5,25.98668437658381
18.821989626881688,2.121579257615939,76.34412272426023,10.221664879210593,11.4,76.7,1850,0.4999999999999999,-0.8660254037844387,22.6391957630947,1436.9482859894083,161.97010721267614,192.39207032596264,25.98668437658381,25.4203961065628,25.240925343523937,5,21.71151743267177
16.574279004735573,6.864630680576068,70.4688432702822,10.051272756563971,11.4,76.7,1850,0.4999999999999999,-0.8660254037844387,20.097721168249684,1167.97026950264,483.7425835378857,166.59259901998888,21.71151743267177,25.98668437658381,24.37286597193948,5,23.39630177237498
3.8431504815319006,5.478199494400135,82.83111646845424,17.13853772881137,11.4,76.7,1850,0.4999999999999999,0.8660254037844387,7.984706304954612,318.33244514156485,453.7653803580847,65.86597952523407,23.39630177237498,21.71151743267177,23.69816786054354,5,5.936926158606644
5.357894309482394,8.597001455899631,80.5428606738995,20.07000940091984,11.4,76.7,1850,0.4999999999999999,0.8660254037844387,9.38503734317737,431.5401348741194,692.4270904758351,107.53298916044658,5.936926158606644,23.39630177237498,17.014915121217815,5,5.099606620070968
7.570806571136806,4.232222683907906,72.20448538226435,18.037299299572272,11.4,76.7,1850,0.4999999999999999,0.8660254037844387,11.181030840250024,546.6461923975984,305.58546091471595,136.55690406276307,5.099606620070968,5.936926158606644,11.477611517017548,5,6.030294015377288
5.557560796025039,2.7335800724892305,79.42519325103368,18.373851975456475,11.4,76.7,1850,0.4999999999999999,0.8660254037844387,9.528820458576725,441.4103402286573,217.11512552463176,102.11379941076412,6.030294015377288,5.099606620070968,5.688942264684985,5,6.129551768708626
2.769489296618751,1.2196201598963512,68.52495343133796,20.63120720228512,11.4,76.7,1850,0.4999999999999999,0.8660254037844387,6.195736968185649,189.77912507938885,83.57441466081842,57.13790752305232,6.129551768708626,6.030294015377288,5.753150801385645,5,5.546429110610826
6.339118819272607,5.501378129645106,88.42939738698053,16.328691596728998,11.4,76.7,1850,0.4999999999999999,0.8660254037844387,10.760588688621636,560.5644571527441,486.4835528024308,103.50951619492326,5.546429110610826,6.129551768708626,5.902091631565598,5,5.51315104754767
3.6013947001979965,10.210193982981796,73.05551040895307,19.199584326921887,11.4,76.7,1850,0.4999999999999999,0.8660254037844387,7.2541702206456495,263.1017280070632,745.9109328011566,69.145281240981,5.51315104754767,5.546429110610826,5.729710642289059,5,5.170426172985462
5.053219646588858,7.511739624239681,89.50726158812338,18.681834130370287,11.4,76.7,1850,0.4999999999999999,0.8660254037844387,9.528582725995028,452.2998527694733,672.3552435286928,94.4034112619014,5.170426172985462,5.51315104754767,5.410002110381337,5,4.965253015116808
2.324990991784991,7.93758175792471,89.95054272435083,19.82571083524253,11.4,76.7,1850,0.4999999999999999,0.8660254037844387,6.822518128002532,209.13420154028665,713.9897870442344,46.09459909767297,4.965253015116808,5.170426172985462,5.216276745216665,5,4.814696613416742
2.3546487392095408,4.738304836315509,58.82561088030442,19.04423134465433,11.4,76.7,1850,0.4999999999999999,0.8660254037844387,5.295929283224762,138.51365049253985,278.7336765333606,44.84247532490514,4.814696613416742,4.965253015116808,4.9834586005063555,5,5.804746891261155
5.032049498987866,6.683247947245322,84.76226317134174,17.581133731500113,11.4,76.7,1850,0.4999999999999999,0.8660254037844387,9.270162657554952,426.5279039244279,566.4872213437375,88.46913518523381,5.804746891261155,4.814696613416742,5.194898839931586,5,5.093980041876324
3.726825577711817,7.344319150707727,61.0622264589178,18.37708972448155,11.4,76.7,1850,0.4999999999999999,0.8660254037844387,6.779936900657707,227.5682673991261,448.4604791670821,68.48820802910285,5.093980041876324,5.804746891261155,5.237807848851425,5,5.864811289182318
5.5959303878979405,2.9986540433584707,72.1932045593882,15.86863078263001,11.4,76.7,1850,0.4999999999999999,0.8660254037844387,9.20559061586735,403.98814719361263,216.48244475501463,88.79975321085195,5.864811289182318,5.093980041876324,5.587846074106616,5,5.937964326230449
3.91176410441712,4.584945845379492,81.80063465934043,19.822673551065733,11.4,76.7,1850,0.4999999999999999,0.8660254037844387,8.001795837384142,319.98478637894686,375.05148003074856,77.54162285063758,5.937964326230449,5.864811289182318,5.632251885763048,5,6.057134077519259
3.8935725041622353,5.0265848813423535,73.57665699356481,17.82693604376186,11.4,76.7,1850,0.4999999999999999,0.8660254037844387,7.572405353840476,286.47604861832,369.839311663565,69.41046801344989,6.057134077519259,5.937964326230449,5.953303230977359,5,6.105464399104836
2.931413643935826,10.335858704550848,67.8293387312635,19.525105928507287,11.4,76.7,1850,0.4999999999999999,0.8660254037844387,6.322880580499001,198.8358490159706,701.0744611494579,57.23616191811855,6.105464399104836,6.057134077519259,6.033520934284866,5,6.083475558084175
11.217561711468749,8.55423685923645,91.04740144051834,16.305590731962113,11.4,76.7,1850,0.8660254037844386,0.5000000000000001,15.769931783494664,1021.3298443278832,778.8410373401799,182.9089702777379,6.083475558084175,6.105464399104836,6.082024678236107,5,7.901600468307475
6.400118986596132,3.08177320462059,79.17608601919756,18.50244773781284,11.4,76.7,1850,0.8660254037844386,0.5000000000000001,10.35892328755601,506.7363714158348,244.00274034069795,118.4178670652786,7.901600468307475,6.083475558084175,6.696846808498847,5,5.30147090765139
8.75830623745225,9.35822183016878,77.54471378192017,13.414543448795843,11.4,76.7,1850,0.8660254037844386,0.5000000000000001,12.635541926548257,679.1603503976407,725.6806333281552,117.48867956016284,5.30147090765139,7.901600468307475,6.428848978014365,5,10.220331961320204
11.846891589649909,5.348547538830041,68.80704377195067,16.29310438894622,11.4,76.7,1850,0.8660254037844386,0.5000000000000001,15.28724377824744,815.1495881705956,368.0177446206377,193.02264135469497,10.220331961320204,5.30147090765139,7.807801112426373,5,10.332589956625672
9.033893031496742,6.454750952962957,82.14210580594434,15.966671686136891,11.4,76.7,1850,0.8660254037844386,0.5000000000000001,13.140998321793958,742.0629972327887,530.2068357293033,144.2412040815884,10.332589956625672,10.220331961320204,8.618130941865772,5,10.32773817145386
10.622334995605248,6.449139537110995,89.19718705443721,17.1197022260881,11.4,76.7,1850,0.8660254037844386,0.5000000000000001,15.082194348327109,947.4824015578956,575.2451056318561,181.8512120705167,10.32773817145386,10.332589956625672,10.293553363133263,5,8.167229785969399
10.14073032045986,9.441562322744518,81.43400759345606,16.41763541971769,11.4,76.7,1850,0.8660254037844386,0.5000000000000001,14.212430700132662,825.8003099195182,768.8642578844657,166.4868132909869,8.167229785969399,10.32773817145386,9.60918597134966,5,9.513120779468029
8.556697269289339,5.879350753668936,75.54963031659298,16.122638519873345,11.4,76.7,1850,0.8660254037844386,0.5000000000000001,12.334178785118988,646.4553154258102,444.1827759412705,137.95653699673937,9.513120779468029,8.167229785969399,9.33602957896378,5,8.76013835766002
8.553163011182097,6.914889640515905,69.75345641868147,19.033359403565523,11.4,76.7,1850,0.8660254037844386,0.5000000000000001,12.04083583211617,596.6126833423688,482.3374531797181,162.79542562911158,8.76013835766002,9.513120779468029,8.813496307699166,5,8.371830680862578
6.803124838837906,4.964601696896574,81.77552067434515,17.545955946279108,11.4,76.7,1850,0.8660254037844386,0.5000000000000001,10.891900872555164,556.3290759085402,405.9828887044548,119.36732871928706,8.371830680862578,8.76013835766002,8.881696605996893,5,5.221781564136477
6.474961521706804,8.970383263012165,77.55622859421788,18.35079961599739,11.4,76.7,1850,0.8660254037844386,0.5000000000000001,10.352772951417698,502.1735959162578,695.7090949239176,118.82072140613508,5.221781564136477,8.371830680862578,7.451250200886375,5,6.074227885293118
5.815757599302866,7.168454174651787,90.27608707976002,17.969009280671827,11.4,76.7,1850,0.8660254037844386,0.5000000000000001,10.329561953290868,525.0238394694416,647.139993298134,104.5034022760109,6.074227885293118,5.221781564136477,6.555946710097409,5,4.654979666326903
10.73940221530837,4.725668314631033,92.36373695136794,18.41880446552621,11.4,76.7,1850,0.8660254037844386,0.5000000000000001,15.357589062876766,991.9313212296804,436.480385131995,197.806949480404,4.654979666326903,6.074227885293118,5.31699637191885,5,6.864104876928798
8.214888748681785,7.672520440133185,84.90599193535441,18.925725289780345,11.4,76.7,1850,0.8660254037844386,0.5000000000000001,12.460188345449506,697.4932778454094,651.44295861379,155.47272774365888,6.864104876928798,4.654979666326903,5.864437476182957,5,9.87434941313124
7.165139236021136,7.585885321994138,85.10724198965778,15.653254900361556,11.4,76.7,1850,0.8660254037844386,0.5000000000000001,11.420501335504024,609.8052388496425,645.6137778047481,112.1577508580207,9.87434941313124,6.864104876928798,7.131144652128998,5,5.349342367134422
9.583718620776136,5.756496618466979,89.14025722315237,15.156224603299377,11.4,76.7,1850,0.8660254037844386,0.5000000000000001,14.040731481933754,854.2951430102999,513.1355892743534,145.25299195130563,5.349342367134422,9.87434941313124,7.362598885731504,5,9.208610082828637
18.592126123562792,2.56214350170266,79.39646057980666,10.773051169651218,11.4,76.7,1850,0.8660254037844387,-0.4999999999999998,22.56194915255313,1476.1490088642468,203.42512553274304,200.2939260817511,9.208610082828637,5.349342367134422,8.14410062103145,5,23.979743065426465
14.887762506478438,4.516336548200323,95.0,9.586162991312188,11.4,76.7,1850,0.8660254037844387,-0.4999999999999998,19.63776250647844,1414.3374381154515,429.0519720790307,142.71651796304877,23.979743065426465,9.208610082828637,12.845898505129858,5,17.52985847757573
15.44001339625104,2.2183956628679904,86.44286264868452,9.748577284948064,11.4,76.7,1850,0.8660254037844387,-0.4999999999999998,19.762156528685267,1334.6789573059775,191.76447158573515,150.5181638739867,17.52985847757573,23.979743065426465,16.90607054194363,5,24.6427461526038
11.844376360287606,4.13586152623428,95.0,11.540971837153696,11.4,76.7,1850,0.8660254037844387,-0.4999999999999998,16.594376360287605,1125.2157542273226,392.9068449922567,136.69561400272826,24.6427461526038,17.52985847757573,22.050782565202013,5,20.797359587615137
17.864869741909335,3.946256557380824,87.92611297265344,15.221981666708832,11.4,76.7,1850,0.8660254037844387,-0.4999999999999998,22.261175390542007,1570.7885551688582,346.9789998833408,271.93871968948525,20.797359587615137,24.6427461526038,20.98998807259824,5,20.70714438320122
15.773038708235717,5.219574082555984,92.19852338804714,9.45206713685835,11.4,76.7,1850,0.8660254037844387,-0.4999999999999998,20.38296487763808,1454.2508782418436,481.2370231261826,149.08782082250949,20.70714438320122,20.797359587615137,22.0490833744734,5,18.61695503640915
17.23777259604631,8.053176599849445,85.37098497380705,11.467479284007169,11.4,76.7,1850,0.8660254037844387,-0.4999999999999998,21.50632184473666,1471.6056252789724,687.5076184971616,197.6738001475875,18.61695503640915,20.70714438320122,20.040486335741853,5,23.18188412102621
15.166749388769077,4.650211109085067,85.48689886536675,11.39532621793218,11.4,76.7,1850,0.8660254037844387,-0.4999999999999998,19.44109433203741,1296.558371114065,397.5321267849601,172.83005695064713,23.18188412102621,18.61695503640915,20.83532784687888,5,23.62297485829148
18.87017479844447,4.081852557391877,93.94671188402911,10.882654011412225,11.4,76.7,1850,0.8660254037844387,-0.4999999999999998,23.56751039264593,1772.79087499073,383.4766261623821,205.3575834663416,23.62297485829148,23.18188412102621,21.80727133857563,5,20.480253295955023
14.4418145212466,5.182929044479625,78.65944208098786,11.27853287062811,11.4,76.7,1850,0.8660254037844387,-0.4999999999999998,18.374786625296,1135.9850728783665,407.6863069841148,162.88247978939415,20.480253295955023,23.62297485829148,22.428370758424254,5,21.07138946601963
17.509466596135617,5.175305107281098,86.1048143329705,10.03164189194691,11.4,76.7,1850,0.8660254037844387,-0.4999999999999998,21.814707312784144,1507.6493703296064,445.6186853789129,175.64869861143913,21.07138946601963,20.480253295955023,21.72487254008873,5,23.597765647060235
16.314255837981882,5.128836780312948,76.98571834007628,11.296875001013117,11.4,76.7,1850,0.8660254037844387,-0.4999999999999998,20.16354175498569,1255.9647048708182,394.84718378139627,184.30010893622983,23.597765647060235,21.07138946601963,21.716469469678316,5,23.460735945073388
16.204969284316416,3.8108019536937263,68.07124075996371,8.0,11.4,76.7,1850,0.8660254037844387,-0.4999999999999998,19.6085313223146,1103.0923656605196,259.40601727842574,129.63975427453133,23.460735945073388,23.597765647060235,22.7099636860511,5,23.42629458892857
15.077660535930764,6.289586485133843,71.16454752481468,12.580837328443828,11.4,76.7,1850,0.8660254037844387,-0.4999999999999998,18.635887912171498,1072.9948897722677,447.5955763327395,189.68959449604213,23.42629458892857,23.460735945073388,23.494932060354085,5,24.800989516380124
18.36025634748305,7.065043272427442,71.21755967204237,12.145790527450137,11.4,76.7,1850,0.8660254037844387,-0.4999999999999998,21.92113433108517,1307.5726520208689,503.1551408396628,222.9998276268159,24.800989516380124,23.42629458892857,23.896006683460712,5,25.012751005972376
17.61783853878544,3.607546551606687,76.32564656030655,10.667695103624396,11.4,76.7,1850,0.8660254037844387,-0.4999999999999998,21.434120866800765,1344.692917467885,275.3483230477848,187.9417299166466,25.012751005972376,24.800989516380124,24.41334503709371,5,24.71999127765738
11.700118561841782,3.255016714510219,80.80270074346558,14.740482271464726,11.4,76.7,1850,1.0,6.123233995736766e-17,15.74025359901506,945.4011788155684,263.01414149754777,172.46539023486417,24.71999127765738,25.012751005972376,24.844577266669976,5,22.12208685516258
14.786909055048865,7.542418548155213,88.43472658241387,14.569459472578949,11.4,76.7,1850,1.0,6.123233995736766e-17,19.20864538416956,1307.6762592822663,667.0117220762332,215.4372722022451,22.12208685516258,24.71999127765738,23.951609712930793,5,25.96554778591557
11.17555850995106,7.948267807594456,89.30103922359903,14.642279371715864,11.4,76.7,1850,1.0,6.123233995736766e-17,15.640610471131012,997.9889888427656,709.788575245662,163.63564983766008,25.96554778591557,22.12208685516258,24.269208639578526,5,20.37044760551848
8.049024457565725,7.623519252574263,68.47933562994943,14.04268637177474,11.4,76.7,1850,1.0,6.123233995736766e-17,11.472991239063196,551.191847323315,522.0535335784142,113.02992605633978,20.37044760551848,25.96554778591557,22.819360748865563,5,21.57826467220492
12.409517764803567,7.653076902520873,72.07290570071622,14.44947153175602,11.4,76.7,1850,1.0,6.123233995736766e-17,16.01316304983938,894.3900036540502,551.5794899157162,179.31097366534974,21.57826467220492,20.37044760551848,22.638086687879674,5,21.83604019752598
14.279111072050938,5.34659641445402,76.21103659857751,16.130756430906594,11.4,76.7,1850,1.0,6.123233995736766e-17,18.08966290197981,1088.2258565072273,407.4696550197786,230.3328627531152,21.83604019752598,21.57826467220492,21.261584158416476,5,23.41912410293785
11.888159102955573,6.79723540002388,92.13042949495804,14.006344788491228,11.4,76.7,1850,1.0,6.123233995736766e-17,16.494680577703473,1095.261204059692,626.232216782533,166.50965529643634,23.41912410293785,21.83604019752598,22.277809657556265,5,19.78949468799164
11.042482856956624,6.840271938653894,95.0,12.92593484558624,11.4,76.7,1850,1.0,6.123233995736766e-17,15.792482856956624,1049.0358714108793,649.8258341721199,142.73441394252433,19.78949468799164,23.41912410293785,21.68155299615184,5,21.1095161217601
10.778284720389868,7.130286856325677,72.49572554742997,12.23081050323833,11.4,76.7,1850,1.0,6.123233995736766e-17,14.403070997761366,781.3795709614418,516.9153190106335,131.8271579650376,21.1095161217601,19.78949468799164,21.43937830422988,5,22.115368599754085
16.18639586441989,3.097553504433216,94.27504834640418,15.459652341522608,11.4,76.7,1850,1.0,6.123233995736766e-17,20.900148281740098,1525.9732526722216,292.0220063860151,250.2360527261908,22.115368599754085,21.1095161217601,21.00479313650196,5,19.740346625990384
15.39887196601742,5.317730289676375,90.45089861260244,12.269461577990212,11.4,76.7,1850,1.0,6.123233995736766e-17,19.921416896647543,1392.8418069466877,480.9934832806829,188.9358679314413,19.740346625990384,22.115368599754085,20.98841044916821,5,19.854380378427987
7.256681278282215,10.205459649415404,87.36223952496695,12.8352512892605,11.4,76.7,1850,1.0,6.123233995736766e-17,11.624793254530562,633.9599279896343,891.5718103546138,93.14132773282434,19.854380378427987,19.740346625990384,20.5700318680575,5,12.174486691409497
10.198819294927876,3.8557504410241528,87.8029617310907,12.733513944225392,11.4,76.7,1850,1.0,6.123233995736766e-17,14.588967381482412,895.4865402548618,338.5463084178798,129.86680770659908,12.174486691409497,19.854380378427987,17.256404565275975,5,19.735834087504703
14.589971169633912,7.209761048240336,91.76642298050342,14.771093828637165,11.4,76.7,1850,1.0,6.123233995736766e-17,19.17829231865908,1338.869465625976,661.6139819411803,215.50983310377364,19.735834087504703,12.174486691409497,17.254900385780747,5,17.54807426985734
11.02458925410251,8.26998635310013,88.97120094187153,17.112597559022813,11.4,76.7,1850,1.0,6.123233995736766e-17,15.473149301196088,980.870945828352,735.790617608207,188.65935915898376,17.54807426985734,19.735834087504703,16.486131682923865,5,23.397228864000457
14.90423539836512,6.14961887349116,80.22870873624896,13.551227341358848,11.4,76.7,1850,1.0,6.123233995736766e-17,18.91567083517757,1195.7475607119268,493.3759814402617,201.9706822323738,23.397228864000457,17.54807426985734,20.227045740454184,5,17.14707599448721
21.37035107365983,4.729569384808702,46.77831884640683,15.918298719970087,26.5,88.7,140,-1.0,-1.8369701987210287e-16,23.70926701598017,999.669096383312,221.24130468878568,340.17963214115065,17.14707599448721,23.397228864000457,19.36412637611502,6,31.13540172975166
21.45799278491868,0.1628767536437827,49.82598000457115,14.447237698985786,26.5,88.7,140,-1.0,-1.8369701987210287e-16,23.94929178514724,1069.16551943959,8.115493870264578,310.0087223068422,31.13540172975166,17.14707599448721,23.89323552941313,6,20.9822363408422
24.35278605441641,1.9876658965548948,35.77319591523232,15.705971813547093,26.5,88.7,140,-1.0,-1.8369701987210287e-16,26.141445850178023,871.1769866063757,71.10516153148416,382.48417135200685,20.9822363408422,31.13540172975166,23.08823802169371,6,28.70324756792468
19.07058914849857,7.1356167659850005,42.724922803147926,16.385873108926774,26.5,88.7,140,-1.0,-1.8369701987210287e-16,21.206835288655967,814.7894491801519,304.8686754795572,312.48825389977344,28.70324756792468,20.9822363408422,26.94029521283953,6,30.329389503901
20.852054272811245,3.727348447788697,60.78033741431847,11.9210180864015,26.5,88.7,140,-1.0,-1.8369701987210287e-16,23.891071143527167,1267.3948944831486,226.5494963173332,248.5777161248085,30.329389503901,28.70324756792468,26.67162447088931,6,33.83047126058908
21.291042395536483,2.650434526423725,46.12786159689648,16.382940392065393,26.5,88.7,140,-1.0,-1.8369701987210287e-16,23.597435475381307,982.110256874962,122.25887700650944,348.80987845101134,33.83047126058908,30.329389503901,30.95436944413827,6,29.938774425532248
19.1508717712438,0.6834813172494929,42.38386145912183,13.67981483097434,26.5,88.7,140,-1.0,-1.8369701987210287e-16,21.27006484419989,811.6878959738043,28.968577460200603,261.9803796823488,29.938774425532248,33.83047126058908,31.366211730007464,6,25.95971963546143
22.357893975524465,2.2538749585655173,44.607765273295705,13.759459878432752,26.5,88.7,140,-1.0,-1.8369701987210287e-16,24.58828223918925,997.3356864654274,100.54032510704968,307.6325451224822,25.95971963546143,29.938774425532248,29.90965510719427,6,35.10442707279983
21.142507499821782,1.2916644060321656,39.43444098242349,12.622809524875136,26.5,88.7,140,-1.0,-1.8369701987210287e-16,23.11422954894296,833.7429642221681,50.93606378877252,266.8778450484944,35.10442707279983,25.95971963546143,30.334307044597853,6,29.809054956793805
20.528060025578057,5.3670510770704265,48.37236866829249,14.400227594443102,26.5,88.7,140,-1.0,-1.8369701987210287e-16,22.94667845899268,992.9908876020996,259.61697336160694,295.6087364407135,29.809054956793805,35.10442707279983,30.29106722168504,6,30.032591190199803
18.760907743233663,3.0916199445008994,46.42955773448381,15.843822176445574,26.5,88.7,140,-1.0,-1.8369701987210287e-16,21.08238562995785,871.0606492157916,143.54254670628617,297.24448615249497,30.032591190199803,29.809054956793805,31.648691073264498,6,29.18773499833733
18.600604943269385,0.1,51.86411356241716,12.757705590552144,26.5,88.7,140,-1.0,-1.8369701987210287e-16,21.19381062139024,964.7038871073812,5.186411356241717,237.3010416723997,29.18773499833733,30.032591190199803,29.676460381776995,6,20.905894902212744
17.3377102433233,1.421791993908832,30.0,13.870895460813658,26.5,88.7,140,-1.0,-1.8369701987210287e-16,18.8377102433233,520.1313072996991,42.65375981726496,240.48956631501565,20.905894902212744,29.18773499833733,26.708740363583313,6,32.99313475782966
19.659769599091533,6.222115485872676,35.59061330756175,14.731340445630076,26.5,88.7,140,-1.0,-1.8369701987210287e-16,21.43930026446962,699.7032575170251,221.44890621268613,289.6147590468657,32.99313475782966,20.905894902212744,27.695588219459925,6,30.41335904472755
17.901206825725076,1.4839101856281096,38.38522117301232,16.57529165488435,26.5,88.7,140,-0.8660254037844386,0.5000000000000001,19.82046788437569,687.1417832692948,56.96022067622075,296.7177241107996,30.41335904472755,32.99313475782966,28.104129568256667,6,27.93816360140308
14.525146723554856,5.442359808358378,58.30861855029708,17.46977671079747,26.5,88.7,140,-0.8660254037844386,0.5000000000000001,17.44057765106971,846.9412396908576,317.3364820790366,253.7510699520748,27.93816360140308,30.41335904472755,30.448219134653446,6,27.26211279468809
15.095367238522408,3.869552587775375,41.49821636214464,18.245287717793914,26.5,88.7,140,-0.8660254037844386,0.5000000000000001,17.170278056629638,626.4308157302328,160.5795305121992,275.4193184726016,27.26211279468809,27.93816360140308,28.537878480272923,6,28.47884481701892
18.27732033728621,7.339779514866738,50.62045064598892,17.222134129697416,26.5,88.7,140,-0.8660254037844386,0.5000000000000001,20.80834286958565,925.206192074526,371.54294668475217,314.7744623801895,28.47884481701892,27.26211279468809,27.893040404370044,6,34.75673143263044
17.67710575257183,3.34769171161964,49.41249172754818,15.461370974539584,26.5,88.7,140,-0.8660254037844386,0.5000000000000001,20.14773033894924,873.4698417659499,165.41778900678705,273.3122897966808,34.75673143263044,28.47884481701892,30.1658963481125,6,28.76393320093833
18.35786258011856,4.949551885807521,43.524320949702215,16.488638183980882,26.5,88.7,140,-0.8660254037844386,0.5000000000000001,20.534078627603662,799.0135028876086,215.4258848350904,302.6961539148167,28.76393320093833,34.75673143263044,30.66650315019591,6,28.24064703622444
18.01117848367175,8.201769081349017,65.8510898876936,16.39340386522406,26.5,88.7,140,-0.8660254037844386,0.5000000000000001,21.30373297805643,1186.0557333115614,540.0954330140203,295.2645229714648,28.24064703622444,28.76393320093833,30.587103889931086,6,31.625739698297245
18.3908049491006,2.9415258451869613,46.78742130716768,15.792550278721158,26.5,88.7,140,-0.8660254037844386,0.5000000000000001,20.730176014458984,860.4583393315143,137.62640900468486,290.4377118248251,31.625739698297245,28.24064703622444,29.543439978486692,6,31.663998814350503
17.992398374726633,4.15290943955712,51.77148852720612,19.902731060090343,26.5,88.7,140,-0.8660254037844386,0.5000000000000001,20.58097280108694,931.4932460340818,215.0023034045574,358.0978659781908,31.663998814350503,31.625739698297245,30.51012851629075,6,34.07068513188563
17.661702609231156,8.12554574095511,54.71482825341045,15.383935884522865,26.5,88.7,140,-0.8660254037844386,0.5000000000000001,20.39744402190168,966.357024926894,444.5878396815896,271.7065005519223,34.07068513188563,31.663998814350503,32.453474548177816,6,33.48201333116411
19.47916801288312,4.431083508488918,56.22652659386336,17.906181334382776,26.5,88.7,140,-0.8660254037844386,0.5000000000000001,22.290494342576288,1095.2459583027053,249.1444347296815,348.7975146815938,33.48201333116411,34.07068513188563,33.0722324258001,6,28.802349366633752
16.321755441459924,5.963665095230349,46.68963048351318,17.686708414888678,26.5,88.7,140,-0.8660254037844386,0.5000000000000001,18.656236965635586,762.0567304040344,278.4413196237304,288.6781293122243,28.802349366633752,33.48201333116411,32.11834927656118,6,29.977265804202386
18.20618936989767,3.52247230719835,67.56101125774236,17.39716296646697,26.5,88.7,140,-0.8660254037844386,0.5000000000000001,21.584239932784783,1230.0285649802458,237.98179120171343,316.7360434664683,29.977265804202386,28.802349366633752,30.753876167333434,6,29.53103874259261
12.963024271222723,5.513670356611201,54.02489743006065,16.816914301818084,26.5,88.7,140,-0.8660254037844386,0.5000000000000001,15.664269142725756,700.3260566361943,297.87547547908605,217.9980682615404,29.53103874259261,29.977265804202386,29.4368846378096,6,28.73098812355055
16.699359079456254,4.570150438319709,39.33887036694662,15.24164936984504,26.5,88.7,140,-0.8660254037844386,0.5000000000000001,18.666302597803583,656.9339220378226,179.78455565050334,254.52577579021047,28.73098812355055,29.53103874259261,29.413097556781867,6,31.51210435451293
19.363782185919924,6.185359050190229,46.059298107792586,16.20755443000553,26.5,88.7,140,-0.8660254037844386,0.5000000000000001,21.66674709130956,891.8822161956493,284.8932963964445,313.8395537490686,31.51210435451293,28.73098812355055,29.92471040688538,6,30.803563495476443
23.586214864025305,4.813333839174219,60.8753390789026,12.605915839968777,26.5,88.7,140,-0.8660254037844385,-0.5000000000000004,26.629981817970435,1435.818827435393,293.0133295596866,297.3258395593236,30.803563495476443,31.51210435451293,30.348885324513322,6,27.85972598494219
24.778669262885344,1.3089380665023786,54.41536148792824,10.446189199328828,26.5,88.7,140,-0.8660254037844385,-0.5000000000000004,27.499437337281755,1348.3402451297222,71.22633805403679,258.8426672276941,27.85972598494219,30.803563495476443,30.05846461164387,6,24.32148746930254
26.425424057722665,0.1,44.70093950080785,11.655969780558438,26.5,88.7,140,-0.8660254037844385,-0.5000000000000004,28.660471032763056,1181.241282087453,4.470093950080785,308.01394425525734,24.32148746930254,27.85972598494219,27.661592316573746,6,17.26842002293388
24.65439652520708,4.646062830806145,51.2099491379052,9.900265704335002,26.5,88.7,140,-0.8660254037844385,-0.5000000000000004,27.21489398210233,1262.550392081601,237.9246412570945,244.08507637958368,17.26842002293388,24.32148746930254,23.149877825726225,6,31.823617412449924
27.55393077217638,3.7782694833362114,38.02331874145351,9.38703141042614,26.5,88.7,140,-0.8660254037844385,-0.5000000000000004,29.45509670924905,1047.6918923304067,143.66234485599963,258.64961363912704,31.823617412449924,17.26842002293388,24.471174968228798,6,25.70166830084539
26.412157827630267,2.616859967508728,39.46853826298409,12.845000859078722,26.5,88.7,140,-0.8660254037844385,-0.5000000000000004,28.38558474077947,1042.4492618278,103.28363775648954,339.2641899860336,25.70166830084539,31.823617412449924,24.931235245409752,6,26.72647660792467
26.72327224899589,3.38034331843963,35.063520066783255,9.795763334073731,26.5,88.7,140,-0.8660254037844385,-0.5000000000000004,28.476448252335054,937.0119927527796,118.52673577872469,261.774850463184,26.72647660792467,25.70166830084539,28.083920773740015,6,30.439318446214383
26.14748884200883,0.5496136880561231,37.37303098460293,11.439073223212777,26.5,88.7,140,-0.8660254037844385,-0.5000000000000004,28.016140391238977,977.2109106619552,20.54072939328337,299.10303946687804,30.439318446214383,26.72647660792467,27.622487784994835,6,27.15424851365464
22.97880356014217,2.071785733516309,59.92105351521804,11.997390743452607,26.5,88.7,140,-0.8660254037844385,-0.5000000000000004,25.97485623590308,1376.914117842962,124.143583810096,275.6856851280656,27.15424851365464,30.439318446214383,28.10668118926458,6,30.601585579698828
24.793137551419434,0.62411711607951,64.4462399387845,13.391663587623793,26.5,88.7,140,-0.8660254037844385,-0.5000000000000004,28.01544954835866,1597.8244914740649,40.22200141276232,332.0213573702917,30.601585579698828,27.15424851365464,29.39838417985597,6,27.79474893578908
29.24954280603393,5.764900645109601,63.04243194146532,9.16565747066665,26.5,88.7,140,-0.8660254037844385,-0.5000000000000004,32.40166440310719,1843.9623116683704,363.4333565686316,268.09129053370884,27.79474893578908,30.601585579698828,28.5168610097142,6,28.871198115747973
21.91439696958071,1.8367124613627168,52.45102102496525,10.048571228465892,26.5,88.7,140,-0.8660254037844385,-0.5000000000000004,24.536948020828973,1149.4324962009127,96.33744392775154,220.20837887770887,28.871198115747973,27.79474893578908,29.08917754374531,6,29.97956417722336
25.146393982003392,2.801736543536275,57.21315190116775,10.874423060226178,26.5,88.7,140,-0.8660254037844385,-0.5000000000000004,28.00705157706178,1438.704458658971,160.2961784523936,273.4525265994305,29.97956417722336,28.871198115747973,28.88183707625349,6,27.89673157705068
23.75593038889124,4.267697687480524,51.65448064837201,12.604657182475773,26.5,88.7,140,-0.8660254037844385,-0.5000000000000004,26.33865442130984,1227.100246557055,220.4457076110647,299.43535860273244,27.89673157705068,29.97956417722336,28.915831290007358,6,31.10145039835368
23.435993014977928,1.5828162861722208,33.5109434996065,11.707313570627305,26.5,88.7,140,-0.8660254037844385,-0.5000000000000004,25.11154018995825,785.3622377820978,53.04166713617428,274.37251906537784,31.10145039835368,27.89673157705068,29.659248717542592,6,27.48473340706687
24.20020187573773,3.640812026294263,47.32034768333094,11.273751545898817,26.5,88.7,140,-0.8660254037844385,-0.5000000000000004,26.56621925990428,1145.1619667667069,172.28449093389716,272.82706330766166,27.48473340706687,31.10145039835368,28.827638460823763,6,25.943516858837857
13.47007727544284,4.357503264469949,58.11182983481746,19.5733628361174,26.5,88.7,140,-0.5000000000000004,0.8660254037844384,16.37566876718371,782.7708384923759,253.2224882095393,263.6547099427824,25.943516858837857,27.48473340706687,28.176566888086153,6,13.996907938600552
12.858789993293014,7.688265525648966,51.32727751824806,18.154251868961914,26.5,88.7,140,-0.5000000000000004,0.8660254037844384,15.425153869205417,660.0066825346216,394.61773826896376,233.44171226832847,13.996907938600552,25.943516858837857,22.475052734835113,6,14.43228720014694
15.87259394651462,7.678907773944577,64.46794933511941,17.42909112164206,26.5,88.7,140,-0.5000000000000004,0.8660254037844384,19.09599141327059,1023.2735823608276,495.0434373197136,276.64488623062743,14.43228720014694,13.996907938600552,18.12423733252847,6,16.897945123089098
12.309660096401908,5.3520156080094585,64.49387696141864,21.3506555312656,26.5,88.7,140,-0.5000000000000004,0.8660254037844384,15.53435394447284,793.8977036942293,345.17223611855417,262.8193124252428,16.897945123089098,14.43228720014694,15.109046753945549,6,14.807534548974042
16.273439566569703,8.899199065053828,59.256049590575536,19.73864401457716,26.5,88.7,140,-0.5000000000000004,0.8660254037844384,19.23624204609848,964.2997419658884,527.3313811152331,321.2156304972542,14.807534548974042,16.897945123089098,15.379255624070046,6,17.22133477328099
14.928430154474968,6.930770127742994,50.24950873545035,18.947705307230184,26.5,88.7,140,-0.5000000000000004,0.8660254037844384,17.440905591247486,750.1462814538503,348.2677940774199,282.8594952665605,17.22133477328099,14.807534548974042,16.308938148448064,6,12.284219037479684
15.054655675164891,7.915977849704854,56.56385385242632,19.04788462084767,26.5,88.7,140,-0.5000000000000004,0.8660254037844384,17.88284836778621,851.5493434086274,447.7582141897493,286.75934430713045,12.284219037479684,17.22133477328099,14.771029453244923,6,12.892772667323689
13.296396936907373,5.949225804048275,51.178835339167954,17.31344936474654,26.5,88.7,140,-0.5000000000000004,0.8660254037844384,15.855338703865767,680.4941094381995,304.47444782091577,230.2064951007168,12.892772667323689,12.284219037479684,14.132775492694806,6,12.429901772037272
15.702798814613018,6.680280120646016,53.53479623157364,18.661142721436825,26.5,88.7,140,-0.5000000000000004,0.8660254037844384,18.3795386261917,840.646134805704,357.6274350286166,293.0321698055025,12.429901772037272,12.892772667323689,12.5356311589469,6,13.88973367940335
16.824789669763568,7.402721415333871,60.49652636687132,21.39596371162453,26.5,88.7,140,-0.5000000000000004,0.8660254037844384,19.84961598810713,1017.841331873916,447.8389312893485,359.9825892299766,13.88973367940335,12.429901772037272,13.07080270625479,6,14.800316435269886
18.67907427393407,3.817568689028112,65.07386591829439,20.915813728307725,26.5,88.7,140,-0.5000000000000004,0.8660254037844384,21.93276756984879,1215.5195747798475,248.42395300369424,390.68803813082985,14.800316435269886,13.88973367940335,13.706650628903523,6,14.50598050777998
13.077932719488537,6.411319186548479,47.08033765958388,19.14364100769728,26.5,88.7,140,-0.5000000000000004,0.8660254037844384,15.431949602467732,615.7134883228405,301.84707214607107,250.35924910470675,14.50598050777998,14.800316435269886,14.398676874151093,6,12.129053684324727
16.622578245722522,6.473028268153103,59.26687395764359,20.45535517948424,26.5,88.7,140,-0.5000000000000004,0.8660254037844384,19.585921943604703,985.168249740305,383.6361504928939,340.0207420150222,12.129053684324727,14.50598050777998,13.81178354245822,6,14.149274659465126
13.156099997359515,6.457732671015747,52.03533790079373,17.174081754796383,26.5,88.7,140,-0.5000000000000004,0.8660254037844384,15.757866892399202,684.5821088192339,336.0303016092996,225.9439369289288,14.149274659465126,12.129053684324727,13.594769617189966,6,13.034092647852582
15.000536496817642,5.675353271890585,57.53086657228915,17.868279393520297,26.5,88.7,140,-0.5000000000000004,0.8660254037844384,17.877079825432098,862.9938637111694,326.5079918357419,268.0337771778358,13.034092647852582,14.149274659465126,13.1041403305475,6,14.10141949972444
16.143972071817004,3.9305072847842144,47.239005916962846,18.59981577446905,26.5,88.7,140,-0.5000000000000004,0.8660254037844384,18.505922367665143,762.6251922238464,185.67325688258708,300.2749064039697,14.10141949972444,13.034092647852582,13.761595602347404,6,14.419625332159397
30.01165255839321,4.26931112715657,53.96386202509248,9.673633505236069,26.5,88.7,140,-0.4999999999999997,-0.8660254037844388,32.70984565964784,1619.5446778061448,230.3885166080692,290.3217277363763,14.419625332159397,14.10141949972444,13.851712493245492,6,22.84904363949857
28.792729131543823,4.042310895869199,49.3389928414238,8.0,26.5,88.7,140,-0.4999999999999997,-0.8660254037844388,31.25967877361501,1420.604256506295,199.44354835409985,230.34183305235047,22.84904363949857,14.419625332159397,17.123362823794157,6,23.81146166757383
32.4915069033532,1.8669391672654017,42.71967801974113,8.0,26.5,88.7,140,-0.4999999999999997,-0.8660254037844388,34.627490804340255,1388.0267132874449,79.75504010802159,259.9320552268256,23.81146166757383,22.84904363949857,20.36004354641062,6,19.41027289698632
27.953201874090013,8.83902863246633,41.65120592897445,10.391940372119189,26.5,88.7,140,-0.4999999999999997,-0.8660254037844388,30.03576217053873,1164.2845676319175,368.1562017829565,290.4880070853538,19.41027289698632,23.81146166757383,22.02359273468626,6,27.34228557286585
26.67273541810649,2.5261447732886424,66.3482507611843,8.0,26.5,88.7,140,-0.4999999999999997,-0.8660254037844388,29.99014795616572,1769.6893380072518,167.60528687720992,213.381883344852,27.34228557286585,19.41027289698632,23.521340045808685,6,26.602281364609272
25.19655491944464,2.8042839015982013,59.02227541516156,11.498388811683814,26.5,88.7,140,-0.4999999999999997,-0.8660254037844388,28.14766869020271,1487.158003968705,165.51521678243284,289.7197851787189,26.602281364609272,27.34228557286585,24.451613278153832,6,28.542618640945488
30.140004078990128,1.9743275450163085,48.47026204366429,8.92106217174784,26.5,88.7,140,-0.4999999999999997,-0.8660254037844388,32.56351718117334,1460.893895705762,95.69617346696488,268.8808502454044,28.542618640945488,26.602281364609272,27.495728526140223,6,18.76832789407156
28.972704502311068,2.906392028246987,73.17947776357506,10.137403260713208,26.5,88.7,140,-0.4999999999999997,-0.8660254037844388,32.631678390489824,2120.207384877504,212.6882508033322,293.70798909340846,18.76832789407156,28.542618640945488,24.63774263320879,6,26.770249118352098
27.32384205631027,0.1,52.10951550426168,8.70757133536014,26.5,88.7,140,-0.4999999999999997,-0.8660254037844388,29.92931783152336,1423.8321712692973,5.210951550426168,237.9243038614352,26.770249118352098,18.76832789407156,24.6937318844564,6,18.39839581838012
24.264838735863457,0.999602697854106,66.97945346543702,11.590401092599969,26.5,88.7,140,-0.4999999999999997,-0.8660254037844388,27.61381140913531,1625.2456369551,66.9528423848444,281.23921339591385,18.39839581838012,26.770249118352098,21.312324276934614,6,26.259617104227488
26.264293395286607,1.8256570680758064,48.47699497347104,8.0,26.5,88.7,140,-0.4999999999999997,-0.8660254037844388,28.68814314396016,1273.2140189050774,88.50236851239274,210.1143471622929,26.259617104227488,18.39839581838012,23.80942068031992,6,24.469507323987056
31.723737263767465,1.2064370865948224,48.32541563606735,9.949892249652658,26.5,88.7,140,-0.4999999999999997,-0.8660254037844388,34.14000804557083,1533.0627888009606,58.301573648460966,315.6477675307771,24.469507323987056,26.259617104227488,23.04250674886491,6,20.290845732123096
25.64216460612805,4.742538894643764,54.48249115973986,8.913158724316641,26.5,88.7,140,-0.4999999999999997,-0.8660254037844388,28.366289164115045,1397.0490064699657,258.38533340215133,228.5526831694736,20.290845732123096,24.469507323987056,23.67332338677923,6,23.93906794015481
29.91936625827957,6.508567740968871,41.89576754051187,8.0,26.5,88.7,140,-0.4999999999999997,-0.8660254037844388,32.01415463530516,1253.494813716315,272.6814410973063,239.35493006623656,23.93906794015481,20.290845732123096,22.899806998755007,6,24.744272996393583
29.25760872094173,1.996380846398191,63.01459882945551,8.057491319715558,26.5,88.7,140,-0.4999999999999997,-0.8660254037844388,32.40833866241451,1843.6564762593216,125.80113814659084,235.74292830462213,24.744272996393583,23.93906794015481,22.99139555622385,6,27.94382431801901
27.16256885104957,2.8547646285831227,51.81856245108317,8.0,26.5,88.7,140,-0.4999999999999997,-0.8660254037844388,29.75349697360373,1407.5252703399583,147.92979918937775,217.30055080839657,27.94382431801901,24.744272996393583,25.54238841818916,6,29.250359551920987
12.611461736042962,6.609737343242916,73.3896570113325,22.0,26.5,88.7,140,-2.4492935982947064e-16,1.0,16.280944586609586,925.550851219737,485.08635655559374,277.45215819294515,29.250359551920987,27.94382431801901,27.312818955444545,6,14.115817314863158
10.691274663534031,4.617662730056203,61.88061034752444,20.2370802348802,26.5,88.7,140,-2.4492935982947064e-16,1.0,13.785305180910251,661.5826015725098,285.74378811489385,216.36018317908,14.115817314863158,29.250359551920987,23.770000394934403,6,13.459019137289255
16.334448223102275,11.167797586984156,70.88497597796598,22.0,26.5,88.7,140,-2.4492935982947064e-16,1.0,19.878697022000573,1157.8669699079337,791.6290636801583,359.35786090825,13.459019137289255,14.115817314863158,18.94173200135782,6,15.277063710560874
12.523779127375892,8.21332583806619,57.76308500004987,21.75913526790117,26.5,88.7,140,-2.4492935982947064e-16,1.0,15.411933377378386,723.412118256464,474.4270385173232,272.5066040978893,15.277063710560874,13.459019137289255,14.28396672090445,6,12.09075815125366
16.522376249734748,8.120692998336093,55.54500699663359,20.674210869248466,26.5,88.7,140,-2.4492935982947064e-16,1.0,19.299626599566427,917.7355043925292,451.06394941009165,341.5870906480788,12.09075815125366,15.277063710560874,13.608946999701283,6,16.727173963724816
13.1571540594383,3.8638521547300178,68.66534491830959,18.53041816292479,26.5,88.7,140,-2.4492935982947064e-16,1.0,16.59042130535378,903.440521634668,265.3127409178904,243.8075665554151,16.727173963724816,12.09075815125366,14.69833194184647,6,11.837546184216144
13.871950779000093,3.056828173120272,70.45655592050105,20.18926685549295,26.5,88.7,140,-2.4492935982947064e-16,1.0,17.394778575025143,977.369875787058,215.3735851188115,280.0645160834962,11.837546184216144,16.727173963724816,13.551826099731562,6,14.05628167652873
12.74469063696362,7.000105069865022,41.56441047998186,22.0,26.5,88.7,140,-2.4492935982947064e-16,1.0,14.822911160962713,529.7255530751373,290.9552405268719,280.3831940131996,14.05628167652873,11.837546184216144,14.207000608156585,6,13.61149147018827
15.361281824904289,6.866693451657036,65.36178167199986,20.076796852821627,26.5,88.7,140,-2.4492935982947064e-16,1.0,18.62937090850428,1004.0407488414538,448.8193181957584,308.4053345975445,13.61149147018827,14.05628167652873,13.168439776977735,6,14.560494478973451
10.776839500972898,8.049669186146716,60.74836358912628,17.648210861951817,26.5,88.7,140,-2.4492935982947064e-16,1.0,13.814257680429211,654.6753643467598,489.0042304922269,190.19193593858128,14.560494478973451,13.61149147018827,14.076089208563504,6,13.962985209759989
11.05324232394593,10.135587016505962,67.68915970420983,19.658785610069888,26.5,88.7,140,-2.4492935982947064e-16,1.0,14.437700309156424,748.1846849149075,686.0693682561877,217.2933211426037,13.962985209759989,14.560494478973451,14.044990386307257,6,13.065759295644238
11.37799827274231,5.893227443235656,67.06928918284311,20.31910966378649,26.5,88.7,140,-2.4492935982947064e-16,1.0,14.731462731884466,763.1142564764434,395.2545756106393,231.1907946582243,13.065759295644238,13.962985209759989,13.863079661459247,6,14.388715300587602
15.436389423508512,10.236056954316092,71.97757600058382,19.52736990320884,26.5,88.7,140,-2.4492935982947064e-16,1.0,19.035268223537702,1111.0738929051922,736.7665673755911,301.43208624283136,14.388715300587602,13.065759295644238,13.80581993533063,6,13.606787219087296
11.570638646019136,9.163880153587272,67.573428331012,20.25208970895023,26.5,88.7,140,-2.4492935982947064e-16,1.0,14.949310062569737,781.8677212908118,619.2347987924127,234.32961184902595,13.606787219087296,14.388715300587602,13.687087271773066,6,14.948305076253543
13.362125485542164,10.72787641819177,69.68932640314226,19.38137927267528,26.5,88.7,140,-2.4492935982947064e-16,1.0,16.84659180569928,931.1975244016936,747.618481319939,258.97642192437297,14.948305076253543,13.606787219087296,14.314602531976169,6,14.33401640494768
15.475307515023996,8.880855615641433,57.25563393191804,19.53453844192265,26.5,88.7,140,-2.4492935982947064e-16,1.0,18.3380892116199,886.0485420640741,508.4790181313845,302.3029895528107,14.33401640494768,14.948305076253543,14.296369566762863,6,14.650906050576411
28.811082571116,4.717899600488594,58.08893631528187,9.919197397486627,26.5,88.7,140,1.2246467991473532e-16,-1.0,31.71552938688009,1673.6051406478848,274.0577694346757,285.78281525818613,14.650906050576411,14.33401640494768,14.644409177259234,6,27.005289494940364
30.693541550432982,0.1,64.20724559806985,8.0,26.5,88.7,140,1.2246467991473532e-16,-1.0,33.903903830336475,1970.747760603212,6.420724559806985,245.54833240346383,27.005289494940364,14.650906050576411,18.663403983488173,6,14.576994052542531
30.78590774021754,7.5379200598725316,61.72250725896402,9.068483239370243,26.5,88.7,140,1.2246467991473532e-16,-1.0,33.87203310316574,1900.1834139693733,465.2593256129728,279.1814883509614,14.576994052542531,27.005289494940364,18.744396532686455,6,18.28104214752768
31.014887946390395,1.3688343204357727,66.47768379824866,9.406873306265982,26.5,88.7,140,1.2246467991473532e-16,-1.0,34.33877213630283,2061.7979139382546,90.99693512611988,291.7531215197304,18.28104214752768,14.576994052542531,19.954441898336878,6,18.300849149670206
25.87701355511628,6.885519313298356,62.3590392482684,8.0,26.5,88.7,140,1.2246467991473532e-16,-1.0,28.9949655175297,1613.6657039114696,429.37436910268224,207.01610844093025,18.300849149670206,18.28104214752768,17.052961783246825,6,26.214767840519283
32.17967795636137,5.02682209822836,76.19675716116635,8.0,26.5,88.7,140,1.2246467991473532e-16,-1.0,35.98951581441968,2451.987106765405,383.02754271109103,257.43742365089093,26.214767840519283,18.300849149670206,20.932219712572408,6,19.36151054885956
33.330112135613206,6.25977684512755,66.70059224505772,9.5404793949796,26.5,88.7,140,1.2246467991473532e-16,-1.0,36.665141747866095,2223.1382190395866,417.53082289190655,317.98524806217733,19.36151054885956,26.214767840519283,21.292375846349703,6,20.387569919010364
29.888396654581346,6.081325571911882,68.73236249160101,10.019338634304123,26.5,88.7,140,1.2246467991473532e-16,-1.0,33.32501477916139,2054.30011315544,417.9838736380903,299.46196731865297,20.387569919010364,19.36151054885956,21.987949436129757,6,21.82959161660862
30.9556310993724,0.1,74.2287227465354,10.079524095894264,26.5,88.7,140,1.2246467991473532e-16,-1.0,34.66706723669917,2297.7969583193426,7.42287227465354,312.018029569738,21.82959161660862,20.387569919010364,20.526224028159536,6,14.169564921088408
27.83643593321589,1.5309197276224125,63.416498168122544,11.101859507245328,26.5,88.7,140,1.2246467991473532e-16,-1.0,31.00726084162202,1765.289288365846,97.08556810230938,309.03620091299825,14.169564921088408,21.82959161660862,18.795575485569152,6,23.16269902275935
29.641571451865367,4.266783543652106,54.83951129030375,8.430433781452564,26.5,88.7,140,1.2246467991473532e-16,-1.0,32.383547016380554,1625.529292296916,233.98832431539188,249.8913053031457,23.16269902275935,14.169564921088408,19.720618520152147,6,27.50565132265292
26.25428109703787,4.581639457144761,49.17419800500152,8.070402353090554,26.5,88.7,140,1.2246467991473532e-16,-1.0,28.712990997287942,1291.033217144709,225.29844585316417,211.8826119442353,27.50565132265292,23.16269902275935,21.612638422166913,6,26.853381092861348
28.71570692611891,4.556054292283737,73.23565985278685,9.308473070042677,26.5,88.7,140,1.2246467991473532e-16,-1.0,32.37748991875825,2103.01374487356,333.6656424205213,267.2993846090158,26.853381092861348,27.50565132265292,25.84057714609123,6,28.20492645212056
35.48618593918947,8.49451215767258,63.548407446019866,8.0,26.5,88.7,140,1.2246467991473532e-16,-1.0,38.66360631149046,2255.0906027688334,539.8127196509464,283.88948751351575,28.20492645212056,26.853381092861348,27.52131962254496,6,22.0403516006445
29.45152304622351,3.913906160307672,57.197071781774,9.95526189790214,26.5,88.7,140,1.2246467991473532e-16,-1.0,32.31137663531221,1684.540877757417,223.86397159824537,293.1976252172557,22.0403516006445,28.20492645212056,25.699553048542157,6,25.34032549266436
27.287003525181603,4.074020409937028,54.88401274436028,8.0,26.5,88.7,140,1.2246467991473532e-16,-1.0,30.03120416239961,1497.620249231471,223.5985880997677,218.29602820145283,25.34032549266436,22.0403516006445,25.195201181809825,6,26.69523866162766
24.02599950219826,5.510718737702758,60.45616619690277,9.94341602051962,26.5,88.7,140,0.4999999999999999,-0.8660254037844387,27.0488078120434,1452.519818951601,333.1569278709442,238.90050835915463,26.69523866162766,25.34032549266436,24.69197191831219,6,30.841266557054688
29.831302771423594,3.1812179495718373,78.78777519228183,8.402385940945178,26.5,88.7,140,0.4999999999999999,-0.8660254037844387,33.770691531037684,2350.341976447816,250.64108464851768,250.6541190066885,30.841266557054688,26.69523866162766,27.62561023711559,6,32.16093243699661
26.367804972040584,7.884692672770518,65.42569082858951,10.144394111377034,26.5,88.7,140,0.4999999999999999,-0.8660254037844387,29.63908951347006,1725.1318559292724,515.861465087129,267.4854054883066,32.16093243699661,30.841266557054688,29.899145885226336,6,30.825709953384933
25.78649839290664,9.046381038971884,64.75635543198027,9.08806730912499,26.5,88.7,140,0.4999999999999999,-0.8660254037844387,29.02431616450565,1669.83965527725,585.8106659327902,234.34943306137887,30.825709953384933,32.16093243699661,31.275969649145434,6,31.64068700205557
26.204797089762994,5.283605823020602,57.78093164312656,10.11853104554777,26.5,88.7,140,0.4999999999999999,-0.8660254037844387,29.093843671919323,1514.1375893655973,305.2916668891789,265.15405289504673,31.64068700205557,30.825709953384933,31.54244313081239,6,27.33641926446771
25.743875964839333,6.893045517342202,82.31017297108468,8.0,26.5,88.7,140,0.4999999999999999,-0.8660254037844387,29.85938461339357,2118.982883612075,567.3677688299965,205.95100771871464,27.33641926446771,31.64068700205557,29.93427207330276,6,31.635150787497736
27.36858254552149,3.294467274872055,79.04772442764693,8.0,26.5,88.7,140,0.4999999999999999,-0.8660254037844387,31.32096876690385,2163.4241710336905,260.42014127998715,218.948660364172,31.635150787497736,27.33641926446771,30.204085684673696,6,34.84674393204577
24.376179722178705,7.35142483981415,77.02055076797299,10.880645648684228,26.5,88.7,140,0.4999999999999999,-0.8660254037844387,28.227207260577355,1877.4667878212988,566.2107900918435,265.22857382566843,34.84674393204577,31.635150787497736,31.27277132800376,6,34.46077689400092
28.03272021127048,3.102332731899236,69.26387080697651,8.0,26.5,88.7,140,0.4999999999999999,-0.8660254037844387,31.4959137516193,1941.654711081558,214.8795735425232,224.26176169016384,34.46077689400092,34.84674393204577,33.64755720451483,6,30.25740592347708
28.93369284525714,0.2370012240322827,67.27468157181434,11.247597124644786,26.5,88.7,140,0.4999999999999999,-0.8660254037844387,32.29742692384786,1946.5049728613567,15.94418187890205,325.43452045166964,30.25740592347708,34.46077689400092,33.18830891650794,6,23.55415090023316
28.37688254383168,7.031577974215066,72.6201423930092,10.771823185154288,26.5,88.7,140,0.4999999999999999,-0.8660254037844387,32.00788966348214,2060.733251002754,510.6341937350453,305.67076130804605,23.55415090023316,30.25740592347708,29.424111239237074,6,34.25629938391049
25.956595612939857,4.655232668834843,84.55810289501551,10.145818358654177,26.5,88.7,140,0.4999999999999999,-0.8660254037844387,30.184500757690632,2194.8404826432766,393.6376430115743,263.3509042979277,34.25629938391049,23.55415090023316,29.355952069206932,6,32.08469676761938
30.31367356110833,2.707806552874662,80.85104202059993,9.689480669170564,26.5,88.7,140,0.4999999999999999,-0.8660254037844387,34.356225662138336,2450.892094887919,218.9289813901252,293.72375398190604,32.08469676761938,34.25629938391049,29.965049017254362,6,24.81156108339658
28.490221730839124,0.9583516123827652,83.10109927715257,8.566616810734887,26.5,88.7,140,0.4999999999999999,-0.8660254037844387,32.645276694696754,2367.568744482552,79.64007248303942,244.06481242097084,24.81156108339658,32.08469676761938,30.384185744975508,6,25.564446015845427
28.57236785180948,5.201358856795234,68.49588502191897,10.038767450809926,26.5,88.7,140,0.4999999999999999,-0.8660254037844387,31.99716210290543,1957.089623181516,356.2716782127862,286.83135638331294,25.564446015845427,24.81156108339658,27.486901288953817,6,37.709408731977504
29.23815439871889,6.845140155875858,67.04909860132118,9.434134891635855,26.5,88.7,140,0.4999999999999999,-0.8660254037844387,32.59060932878495,1960.3918972003555,458.9604772511834,275.83669257999026,37.709408731977504,25.564446015845427,29.36180527707319,6,35.33701226794707
14.476454362570092,12.161491277045425,69.13573603580808,21.923245306543368,26.5,88.7,140,0.4999999999999999,0.8660254037844387,17.933241164360496,1000.840327545068,840.793650731595,317.37086015960404,35.33701226794707,37.709408731977504,32.87028900525669,6,13.59133439890024
13.104673802031416,7.673443644557564,78.92966132329597,18.65910835308616,26.5,88.7,140,0.4999999999999999,0.8660254037844387,17.051156868196216,1034.347464946609,605.6623080483264,244.5215284039537,13.59133439890024,35.33701226794707,28.879251799608294,6,13.454069817536816
13.87854942969471,8.065843622972487,67.43403151442575,20.108521710234086,26.5,88.7,140,0.4999999999999999,0.8660254037844387,17.250251005415997,935.8865396165486,543.9123530619567,279.07711251357296,13.454069817536816,13.59133439890024,20.794138828128066,6,13.450344632401778
10.758550354368944,7.848881206341901,69.11757231454438,20.278371408342647,26.5,88.7,140,0.4999999999999999,0.8660254037844387,14.21442897009616,743.6048821177625,542.4956143676046,218.16587990124987,13.450344632401778,13.454069817536816,13.498582949612969,6,14.677976465441851
15.402630417108046,12.780212351794702,67.9734153825621,18.629140574179303,26.5,88.7,140,0.4999999999999999,0.8660254037844387,18.801301186236152,1046.9693953261708,868.7146828658921,286.9377672524358,14.677976465441851,13.450344632401778,13.860796971793505,6,13.506288576770118
18.243890868798715,6.868258492495501,72.10829786644811,19.82082147985881,26.5,88.7,140,0.4999999999999999,0.8660254037844387,21.84930576212112,1315.5359170103106,495.25842920062746,361.6089040084856,13.506288576770118,14.677976465441851,13.878203224871273,6,13.596078784107572
11.765131963313,5.523088784645784,60.64886001705688,17.162981168038197,26.5,88.7,140,0.4999999999999999,0.8660254037844387,14.797574964165843,713.5418415251717,334.969038561759,201.92473832582527,13.596078784107572,13.506288576770118,13.92678127543987,6,13.640225525751896
13.62684697616796,12.99150187030632,69.60052784967559,18.591538439109087,26.5,88.7,140,0.4999999999999999,0.8660254037844387,17.10687336865174,948.4357424680456,904.2153877333676,253.34404936128405,13.640225525751896,13.596078784107572,13.580864295543217,6,13.839037113646432
16.24933607815783,8.145176029017213,75.15055239792478,17.43867090173029,26.5,88.7,140,0.4999999999999999,0.8660254037844387,20.006863698054072,1221.1465823730898,612.114477958979,283.3668242386072,13.839037113646432,13.640225525751896,13.69178047450199,6,14.729942483475504
13.068228384101426,6.1528463830990034,77.58379602894135,19.10464646492356,26.5,88.7,140,0.4999999999999999,0.8660254037844387,16.947418185548493,1013.8827654117468,477.3611787837626,249.66388320113705,14.729942483475504,13.839037113646432,14.069735040957967,6,16.502592067989966
14.76521672493433,13.920890582036051,60.279378043953976,19.147731506132427,26.5,88.7,140,0.4999999999999999,0.8660254037844387,17.77918562713203,890.0380808632285,839.1426261030697,282.7204054788985,16.502592067989966,14.729942483475504,15.023857221703992,6,12.354655558233503
12.423925795780493,7.459558575968833,91.3984967662874,19.197176651142858,26.5,88.7,140,0.4999999999999999,0.8660254037844387,16.993850634094862,1135.5281416702378,681.7924403836188,238.5042982022887,12.354655558233503,16.502592067989966,14.52906336989968,6,12.77403514688769
15.637544239621636,8.035526339717007,78.26442277469404,20.022348781117127,26.5,88.7,140,0.4999999999999999,0.8660254037844387,19.55076537835634,1223.8633735277292,628.8958306688016,313.10036484585345,12.77403514688769,12.354655558233503,13.87709425770374,6,16.726967552619037
12.928304685812368,9.5629924995156,82.46502457872856,18.86207137154172,26.5,88.7,140,0.4999999999999999,0.8660254037844387,17.051555914748796,1066.1329636768085,788.6124115187508,243.8546056968301,16.726967552619037,12.77403514688769,13.951886085913431,6,13.385322649966762
12.08149980601773,8.534771154595871,57.58347962845716,19.463867418534715,26.5,88.7,140,0.4999999999999999,0.8660254037844387,14.960673787440587,695.6947979610311,491.4618209142152,235.152710441382,13.385322649966762,16.726967552619037,14.29544178315785,6,11.91802004754351
14.586194710436343,8.416447129806778,75.06304147755783,18.70773584448388,26.5,88.7,140,0.4999999999999999,0.8660254037844387,18.33934678431424,1094.8841385492178,631.7641199983588,272.8746776190512,11.91802004754351,13.385322649966762,14.010103416709791,6,13.091022769054636
18.550310988069565,10.003857650571922,84.19270371051395,16.627207072888325,26.5,88.7,140,0.8660254037844386,0.5000000000000001,22.759946173595264,1561.8008367564323,842.25182313676,308.4398620651083,13.091022769054636,11.91802004754351,12.798121822188323,6,14.024416031628189
16.72120559867353,10.377083782316548,67.04565937563042,18.977453487279003,26.5,88.7,140,0.8660254037844386,0.5000000000000001,20.07348856745505,1121.08425491855,695.7384245815739,317.3259015000562,14.024416031628189,13.091022769054636,13.011152949408801,6,13.22736347838836
14.365736160106833,10.449833306554156,74.30277192427496,15.871347143970448,26.5,88.7,140,0.8660254037844386,0.5000000000000001,18.08087475632058,1067.4140174287277,776.4515808235856,228.00358557574447,13.22736347838836,14.024416031628189,13.447600759690417,6,13.433177601125395
14.899718520795709,10.412767777542175,93.28479722766248,18.042804350126,26.5,88.7,140,0.8660254037844386,0.5000000000000001,19.563958382178832,1389.917220961675,971.3529307067596,268.83270614266576,13.433177601125395,13.22736347838836,13.56165237038067,6,11.062900565944906
17.462891845051146,10.190756554318746,80.5951669753077,15.69055836431945,26.5,88.7,140,0.8660254037844386,0.5000000000000001,21.49265019381653,1407.4246841236363,821.3257261000307,274.0025237045732,11.062900565944906,13.433177601125395,12.57448054848624,6,15.369368722843946
16.89219030198852,6.933170318112576,91.29537092553252,20.480061083025888,26.5,88.7,140,0.8660254037844386,0.5000000000000001,21.456958848265145,1542.1787793647252,632.9663558819799,345.95308921082244,15.369368722843946,11.062900565944906,13.288482296638103,6,14.7554672458839
15.58195808473902,12.80429575392034,78.11347066852713,17.266625159402047,26.5,88.7,140,0.8660254037844386,0.5000000000000001,19.487631618165377,1217.1608258104804,1000.1879808050028,269.04782949870287,14.7554672458839,15.369368722843946,13.729245511557606,6,12.909131307013316
20.983106604409468,7.233654869167491,77.91958581219646,16.779461864853726,26.5,88.7,140,0.8660254037844386,0.5000000000000001,24.87908589501929,1634.9949756687497,563.6433913139091,352.08523707484903,12.909131307013316,14.7554672458839,14.344655758580409,6,14.232134209973246
20.39144575562173,12.692354868413428,83.57405790166096,18.535295966278017,26.5,88.7,140,0.8660254037844386,0.5000000000000001,24.57014865070478,1704.1958682789093,1060.7516006812125,377.96148226075246,14.232134209973246,12.909131307013316,13.965577587623509,6,13.203126049082549
18.00048093887314,7.830576865988871,92.08707846619316,15.684839328182232,26.5,88.7,140,0.8660254037844386,0.5000000000000001,22.6048348621828,1657.611700647225,721.094946293874,282.33465135623203,13.203126049082549,14.232134209973246,13.448130522023058,6,13.414007758293572
18.281085870149543,9.143933882179567,81.41548365556284,15.051175454831265,26.5,88.7,140,0.8660254037844386,0.5000000000000001,22.351860052927687,1488.3634478671008,744.4577995321378,275.15183093645743,13.414007758293572,13.203126049082549,13.61642267244981,6,15.157058123885752
18.56426000306292,7.315978715532099,76.08168450591566,18.622977213874915,26.5,88.7,140,0.8660254037844386,0.5000000000000001,22.3683442283587,1412.400172638822,556.6119844871072,345.7217910294902,15.157058123885752,13.414007758293572,13.92473064375398,6,14.769509035673192
17.88954761566319,7.246470113262921,83.51541593385828,17.546210444081993,26.5,88.7,140,0.8660254037844386,0.5000000000000001,22.065318412356103,1494.053009990674,605.191965561426,313.8937672138516,14.769509035673192,15.157058123885752,14.44685830595086,6,14.611754086738856
19.13034393142877,11.803010969839564,74.98994072310141,15.74461894430558,26.5,88.7,140,0.8660254037844386,0.5000000000000001,22.87984096758384,1434.5833574303865,885.1070929823846,301.1999754738547,14.611754086738856,14.769509035673192,14.846107082099287,6,12.630106750547936
19.857715415627133,5.949513214782994,77.63308668914672,17.493660168065194,26.5,88.7,140,0.8660254037844386,0.5000000000000001,23.73936975008447,1541.6157423097866,461.87907516147214,347.38412519513054,12.630106750547936,14.611754086738856,14.003789957653348,6,15.718492197047915
16.671329588229217,9.321964185015556,74.37363847903316,15.476181759515033,26.5,88.7,140,0.8660254037844386,0.5000000000000001,20.39001151218088,1239.9074397597683,693.3083942108419,258.00852688021627,15.718492197047915,12.630106750547936,14.320117678111592,6,13.295495607331349
24.628308495614505,7.396455101638673,81.86780016448961,12.828456184690497,26.5,88.7,140,0.8660254037844387,-0.4999999999999998,28.721698503838983,2016.26543830837,605.5315081865746,315.9431764390314,13.295495607331349,15.718492197047915,13.881364851642422,6,33.93545120870943
21.53759739311015,9.766333590214035,82.65111313385373,11.664503195671063,26.5,88.7,140,0.8660254037844387,-0.4999999999999998,25.670153049802835,1780.10639876934,807.1983424677361,251.2253736190101,33.93545120870943,13.295495607331349,20.98314633769625,6,30.5978084171776
26.95684422405607,7.820742227175435,73.49114944744582,10.503816163508668,26.5,88.7,140,0.8660254037844387,-0.4999999999999998,30.63140169642836,1981.089467501621,574.7553358073002,283.1497360778254,30.5978084171776,33.93545120870943,25.942918411072814,6,32.133131393944154
26.558698007810666,6.698418096552475,78.97723170956165,8.0,26.5,88.7,140,0.8660254037844387,-0.4999999999999998,30.507559593288747,2097.532446467136,529.0225180989457,212.46958406248527,32.133131393944154,30.5978084171776,32.22213033994375,6,36.76371251082998
27.34039741839321,7.0450501298031485,82.95729097469707,11.831086656673865,26.5,88.7,140,0.8660254037844387,-0.4999999999999998,31.48826196712806,2268.085304001502,584.4382735494072,323.4666110849125,36.76371251082998,32.133131393944154,33.16488410731727,6,31.415931346764538
27.20775468663252,7.726792628298327,82.30127734833795,10.116092522316045,26.5,88.7,140,0.8660254037844387,-0.4999999999999998,31.32281855404941,2239.2329644900847,635.9249031146737,275.23616373445253,31.415931346764538,36.76371251082998,33.437591750512915,6,32.124712625664195
27.901855096558425,10.390850422583334,68.85923852270729,9.463957113670432,26.5,88.7,140,0.8660254037844387,-0.4999999999999998,31.34481702269379,1921.3004953199325,715.5060477024396,264.0619600256757,32.124712625664195,31.415931346764538,33.43478549441959,6,33.601153946482334
23.785291133575576,6.622015044861472,85.7272573447274,11.62730863383196,26.5,88.7,140,0.8660254037844387,-0.4999999999999998,28.071654000811947,2039.0477740272968,567.687187891496,276.5589209556301,33.601153946482334,32.124712625664195,32.38059930630371,6,32.969331329965634
24.09090456251311,6.339150580437491,81.58931161561586,10.87868225320181,26.5,88.7,140,0.8660254037844387,-0.4999999999999998,28.1703701432939,1965.560319452944,517.2069320856266,262.07729592778986,32.969331329965634,33.601153946482334,32.89839930070408,6,37.57491453720152
23.40888586411824,7.625245011029588,92.55665743377006,8.0,26.5,88.7,140,0.8660254037844387,-0.4999999999999998,28.036718735806737,2166.6482298314145,705.7671903344298,187.27108691294592,37.57491453720152,32.969331329965634,34.71513327121652,6,25.1695669668716
26.91677163968409,6.879779089009722,84.1531055813344,12.611477019073345,26.5,88.7,140,0.8660254037844387,-0.4999999999999998,31.124426918750807,2265.1299257030028,578.9547760536917,339.460246961521,25.1695669668716,37.57491453720152,31.90460427801294,6,34.26034835840591
24.641813429967687,7.568096697499409,87.86335412223127,12.101956318188996,26.5,88.7,140,0.8660254037844387,-0.4999999999999998,29.034981136079253,2165.112379611205,664.9583601636796,298.2141497304319,34.26034835840591,25.1695669668716,32.33494328749303,6,34.11114218717681
24.27992146248604,5.320302939596921,85.30729655337997,11.46856731569986,26.5,88.7,140,0.8660254037844387,-0.4999999999999998,28.54528629015504,2071.254460493072,453.86066062201377,278.4559137124269,34.11114218717681,34.26034835840591,31.18035250415146,6,37.94160282276949
25.848133723036906,6.855351231789042,70.83323188474056,9.02627627535874,26.5,88.7,140,0.8660254037844387,-0.4999999999999998,29.38979531727393,1830.9068497916555,485.586683452655,233.3123961865482,37.94160282276949,34.11114218717681,35.43769778945076,6,34.66458209512591
25.20687625861621,10.860609215595051,84.53937577140618,10.966581531224431,26.5,88.7,140,0.8660254037844387,-0.4999999999999998,29.433845047186523,2130.9735840504927,918.149123583587,276.4332636376001,34.66458209512591,37.94160282276949,35.57244236835743,6,32.01737682551398
23.214424969016232,7.803686063769756,82.59821806570928,8.047243679842921,26.5,88.7,140,0.8660254037844387,-0.4999999999999998,27.34433587230169,1917.470135860849,644.5705632115908,186.8121346131036,32.01737682551398,34.66458209512591,34.87452058113647,6,36.707799345626086
23.401063316947745,8.402040083255736,69.26344237130279,12.324220307439496,26.5,88.7,140,1.0,6.123233995736766e-17,26.864235435512885,1620.8382004806178,581.9542191079597,288.39985974640484,36.707799345626086,32.01737682551398,34.46325275542201,6,35.153803689333955
21.14536104865868,7.298334054435282,84.2861267662284,13.94364403253078,26.5,88.7,140,1.0,6.123233995736766e-17,25.359667386970106,1782.2605818649138,615.1483092944139,294.8433874018384,35.153803689333955,36.707799345626086,34.62632662015803,6,35.234185510010285
18.066429618768645,7.118516049788369,92.80249966782384,14.773442132665934,26.5,88.7,140,1.0,6.123233995736766e-17,22.70655460215984,1676.6098286945398,660.6160833458838,266.90335251676044,35.234185510010285,35.153803689333955,35.6985961816568,6,28.400007659145206
21.567502047323003,6.145573661758144,78.22519227099708,15.874428357945,26.5,88.7,140,1.0,6.123233995736766e-17,25.478761660872856,1687.1219944569652,480.7386813066064,342.3717661100611,28.400007659145206,35.234185510010285,32.92933228616317,6,30.13735805758132
22.762815057847146,9.563591068650805,77.6698071954902,16.033164201658245,26.5,88.7,140,1.0,6.123233995736766e-17,26.64630541762165,1767.9834567695889,742.80227439862,364.9599515144421,30.13735805758132,28.400007659145206,31.257183742245626,6,27.38566597006477
21.392262918047816,6.313183764087642,72.6083157995722,14.386963971831772,26.5,88.7,140,1.0,6.123233995736766e-17,25.022678708026422,1553.2561816210937,458.3896404436074,307.7697158779067,27.38566597006477,30.13735805758132,28.641010562263787,6,33.8579828680171
21.800962773012657,8.383450715991339,84.38045231419206,12.207059354601132,26.5,88.7,140,1.0,6.123233995736766e-17,26.01998538872226,1839.5750996716704,707.3993633690865,266.1256465576152,33.8579828680171,27.38566597006477,30.460335631887755,6,34.23265660213602
22.6814689642591,8.536925358266268,74.65899722278189,13.201747155309215,26.5,88.7,140,1.0,6.123233995736766e-17,26.4144188253982,1693.375728411234,637.3582866138976,299.43501837714183,34.23265660213602,33.8579828680171,31.82543514673932,6,35.79051184919271
21.350573557867847,5.447869465807781,81.70541304829074,14.197891950157937,26.5,88.7,140,1.0,6.123233995736766e-17,25.435844210282383,1744.4574313635069,445.1204249369957,303.1331364485068,35.79051184919271,34.23265660213602,34.62705043978196,6,38.7042646954504
24.424080568035784,4.626047323903119,88.47816051645513,14.713146023789935,26.5,88.7,140,1.0,6.123233995736766e-17,28.84798859385854,2160.9977209655026,409.3041576810179,359.3550638943207,38.7042646954504,35.79051184919271,36.24247771559306,6,32.90753181609923
21.465573485880327,6.6077923895277895,67.48062636017157,15.791888330770597,26.5,88.7,140,1.0,6.123233995736766e-17,24.839604803888907,1448.510344007496,445.8979693033101,338.9819394449723,32.90753181609923,38.7042646954504,35.8007694535808,6,35.18091037741634
18.30084757689693,7.290892807749099,85.27221928857786,14.16705890276008,26.5,88.7,140,1.0,6.123233995736766e-17,22.564458541325827,1560.5538877439938,621.7106103118963,259.2691855923329,35.18091037741634,32.90753181609923,35.59756896298868,6,30.67213914899494
21.014356933815883,3.9483650268174726,86.28391699178783,17.318796559095862,26.5,88.7,140,1.0,6.123233995736766e-17,25.328552783405275,1813.2010293131707,340.68040022719697,363.9433725569828,30.67213914899494,35.18091037741634,32.92019378083686,6,33.30113938509068
20.719249882189327,8.736545679938034,80.8034638898636,16.028304018300716,26.5,88.7,140,1.0,6.123233995736766e-17,24.75942307668251,1674.1871596805458,705.9431533710167,332.0944361428718,33.30113938509068,30.67213914899494,33.05139630383401,6,37.65853248626276
23.50568526885497,7.224871110959343,79.46199736587283,11.046615286375877,26.5,88.7,140,1.0,6.123233995736766e-17,27.47878513714861,1867.808700916789,574.1026891878221,259.65826220767354,37.65853248626276,33.30113938509068,33.87727034011615,6,38.05729435691433
18.222914892337577,4.920778134552222,75.26173846223617,14.239193760206192,26.5,88.7,140,1.0,6.123233995736766e-17,21.986001815449384,1371.4882546466993,370.3463169933597,259.4796160277417,38.05729435691433,37.65853248626276,36.338988742755944,6,33.52954306397667
